time (s),reference_position (m),actual_position (m)
0.1507537688442211,0.5999994962426269,0.5999999426418021
0.3015075376884422,0.5999960003640225,0.5999994706445947
0.4522613065326633,0.599986603490947,0.5999978013579221
0.6030150753768844,0.599968486727205,0.6001635677893868
0.7537688442211055,0.5999389202308033,0.5999852884067427
0.9045226130653266,0.5998952622911098,0.5999703683812949
1.0552763819095476,0.599834958406012,0.6029794546835118
1.2060301507537687,0.5997555403590757,0.5999093394284871
1.3567839195979898,0.5996546252967032,0.599856428438695
1.507537688442211,0.599529914805292,0.5997835313170466
1.658291457286432,0.5993791939883933,0.599686608089546
1.809045226130653,0.5992003305438703,0.5995615431152411
1.9597989949748742,0.5989912738410575,0.5994042492090662
2.1105527638190953,0.5987500539979181,0.5992107674607344
2.2613065326633164,0.5984747809582033,0.5989773584530608
2.4120603015075375,0.5981636435686104,0.598700581246022
2.5628140703517586,0.597814908655942,0.5983773572785348
2.7135678391959797,0.5974269201042635,0.5980050172049202
2.8643216080402008,0.5969980979320625,0.5959447776143312
3.015075376884422,0.596526937369407,0.5971045112231703
3.165829145728643,0.5960120079351037,0.5965732198504848
3.316582914572864,0.595451952513857,0.5959865304953293
3.467336683417085,0.5948454864334272,0.5953438976732673
3.618090452261306,0.5941913965417887,0.5946451059310264
3.7688442211055273,0.5934885402842895,0.5938902116984536
3.9195979899497484,0.5927358447808088,0.593079479594368
4.0703517587939695,0.5919323059029159,0.5922133163859244
4.221105527638191,0.5910769873510286,0.5912922057044067
4.371859296482412,0.5901690197315721,0.5903166463890565
4.522613065326633,0.5892075996341369,0.5892870969836546
4.673366834170854,0.5881919887086378,0.588203928471174
4.824120603015075,0.5871215127424722,0.5870673868257347
4.974874371859296,0.5859955607376786,0.5858775664154855
5.125628140703517,0.5848135839880955,0.584634394732192
5.276381909547738,0.5835750951565193,0.5833376283792922
5.427135678391959,0.5822796673518634,0.5813680855166261
5.57788944723618,0.5809269332063166,0.5805815333292853
5.7286432160804015,0.5795165839525009,0.5791209703537905
5.879396984924623,0.5780483685006315,0.5776043999303636
6.030150753768844,0.5765220925156735,0.5760309949559665
6.180904522613065,0.5749376174945025,0.5736357288576024
6.331658291457286,0.5732948598430607,0.5727103244045377
6.482412060301507,0.5715937899535176,0.570961473177674
6.633165829145728,0.5698344312814275,0.5691526898721229
6.783919597989949,0.568016859422888,0.567283434075764
6.93467336683417,0.5661412011916989,0.5653533178701199
7.085427135678391,0.5642076336965203,0.5633621252155344
7.236180904522612,0.5622163834180313,0.5613098244839678
7.3869346733668335,0.5601677252860886,0.5591965739641014
7.537688442211055,0.5580619817568854,0.5561337888365632
7.688442211055276,0.5558995218901087,0.5547887916734812
7.839195979899497,0.5536807604260994,0.5515194078020351
7.989949748743718,0.5514061568630095,0.5501436365544261
8.140703517587939,0.5490762145339614,0.5477342251963514
8.29145728643216,0.5466914796842063,0.5452683220270926
8.442211055276381,0.5442525405482822,0.5427470777636577
8.592964824120603,0.5417600264271735,0.5377854241508572
8.743718592964823,0.5392146067654682,0.5375434004142637
8.894472361809044,0.5366169902285174,0.5348634283838081
9.045226130653266,0.5339679237795936,0.5321329950872299
9.195979899497488,0.5312681917570488,0.5301821753716637
9.346733668341708,0.5285186149514736,0.5265254408953706
9.497487437185928,0.5257200496828555,0.5236505508050224
9.64824120603015,0.5228733868777372,0.52072964993104
9.798994974874372,0.5199795511463756,0.5177637187684262
9.949748743718592,0.5170394998598996,0.5147536882428488
10.100502512562812,0.5140542222274697,0.5117004476540592
10.251256281407034,0.5110247383734352,0.5086048553417803
10.402010050251256,0.5079520984144937,0.5054677513755519
10.552763819095476,0.5048373815368496,0.5022899715225532
10.703517587939697,0.5016816950733723,0.49907236173681624
10.854271356783919,0.4984861735807541,0.4958157924376214
11.00502512562814,0.49525197791667014,0.49252117190091865
11.15577889447236,0.491980294316936,0.4891894581707802
11.306532663316581,0.48867233347266636,0.48582166900267454
11.457286432160803,0.48532932960743347,0.48241888947062816
11.608040201005025,0.48195253955442585,0.47898227699967266
11.758793969849245,0.47854324183360686,0.47551306371691887
11.909547738693465,0.4751027357288729,0.47401591060650533
12.060301507537687,0.4716323403652123,0.46848213236493835
12.21105527638191,0.4681333937858633,0.4649232369366253
12.36180904522613,0.4646072520294738,0.4613373738408689
12.51256281407035,0.46105528820725794,0.4577260979133056
12.663316582914572,0.45747889158015637,0.45409100517313983
12.814070351758794,0.4538794666359942,0.45043372252686226
12.964824120603014,0.45025843216663897,0.44675589730998716
13.115577889447234,0.44661722034516,0.44305918710966913
13.266331658291456,0.4429572758029863,0.4393452502702004
13.417085427135678,0.4392800547070659,0.4356157374268909
13.567839195979898,0.4355870238370228,0.431872284345247
13.718592964824118,0.43187965966231756,0.428116506265572
13.86934673366834,0.42815944741940426,0.42434999387211825
14.020100502512562,0.42442788018888944,0.42057431092466
14.170854271356783,0.42068645797269105,0.4167909935125428
14.321608040201003,0.4169366867711964,0.4130015508201994
14.472361809045225,0.413180077660421,0.4092074672316084
14.623115577889447,0.4094181458691668,0.4054102055513839
14.773869346733667,0.4056524098561818,0.40161121108364733
14.924623115577887,0.40188439038731627,0.39781191628735435
15.07537688442211,0.3981156096126838,0.3940137457184618
15.226130653266331,0.39434759014381826,0.3902181209746937
15.376884422110551,0.39058185413083324,0.386426465376594
15.527638190954772,0.38681992233957907,0.38264020814742344
15.678391959798994,0.3830633132288035,0.3788607878922685
15.829145728643216,0.3793135420273088,0.3750896552211901
15.979899497487436,0.3755721198111104,0.37400712572361383
16.130653266331656,0.3718405525805958,0.3675781240420582
16.281407035175878,0.3681203403376825,0.3638406966263926
16.4321608040201,0.3644129761629772,0.36011749723004066
16.58291457286432,0.3607199452929343,0.35641004120994707
16.73366834170854,0.35704272419701344,0.35271985116111243
16.884422110552762,0.35338277965484,0.3490484532278552
17.035175879396984,0.3497415678333611,0.3453973729440374
17.185929648241206,0.3461205333640055,0.34176813077901724
17.336683417085425,0.3425211084198435,0.3381622375682177
17.487437185929647,0.3389447117927422,0.33458119000107445
17.63819095477387,0.3353927479705263,0.3310264663255588
17.788944723618087,0.3318666062141369,0.327596851051794
17.93969849246231,0.32836765963478776,0.3240017882662437
18.09045226130653,0.3248972642711272,0.3205346651505711
18.241206030150753,0.3214567581663932,0.317099523246213
18.391959798994975,0.3180474604455741,0.3136977000025061
18.542713567839193,0.31467067039256635,0.31033049909350163
18.693467336683415,0.31132766652733346,0.3069991899717131
18.844221105527637,0.308019705683064,0.30370500795625
18.994974874371856,0.30474802208332985,0.3004491547755693
19.145728643216078,0.30151382641924607,0.2972327994695187
19.2964824120603,0.2983183049266276,0.2940570795450992
19.44723618090452,0.2951626184631502,0.29092310227556745
19.597989949748744,0.292047901585506,0.28783194603300344
19.748743718592962,0.28897526162656484,0.2847846615499278
19.899497487437184,0.2859457777725305,0.28178227301539904
20.050251256281406,0.2829605001401003,0.2788257789245348
20.201005025125625,0.2800204488536242,0.27591615261673175
20.351758793969847,0.2771266131222627,0.2730543424560888
20.50251256281407,0.27427995031714447,0.27024127162672307
20.65326633165829,0.27148138504852604,0.26631752059864866
20.804020100502512,0.26873180824295106,0.26476491082799697
20.95477386934673,0.26603207622040626,0.2621033340579412
21.105527638190953,0.26338300977148243,0.2607416776438266
21.256281407035175,0.26078539323453187,0.25693744988688305
21.407035175879393,0.25823997357282646,0.2544346710016626
21.557788944723615,0.2557474594517175,0.25198629472537837
21.708542713567837,0.25330852031579365,0.24959299407888427
21.85929648241206,0.2509237854660382,0.2472554014434039
22.01005025125628,0.24859384313699007,0.24497410631675282
22.1608040201005,0.24631923957390045,0.24485366943324433
22.31155778894472,0.24410047810989122,0.24058253959438225
22.462311557788944,0.24193801824311478,0.23847321434558302
22.613065326633162,0.239832274713911,0.23825889445936765
22.763819095477384,0.2377836165819689,0.233582398602852
22.914572864321606,0.23579236630348,0.23249569586765823
23.065326633165828,0.23385879880830096,0.22908522823644942
23.21608040201005,0.23198314057711178,0.22880554031810518
23.36683417085427,0.23016556871857263,0.22704948059476254
23.51758793969849,0.22840621004648254,0.22535288869089978
23.668341708542712,0.22670514015693932,0.22371578800211933
23.81909547738693,0.22506238250549737,0.22213814705396076
23.969849246231153,0.22347790748432672,0.22061987944240655
24.120603015075375,0.22195163149936858,0.21916084375904096
24.271356783919597,0.22048341604749844,0.21905620899079353
24.42211055276382,0.21907306679368332,0.21641962666971085
24.572864321608037,0.2177203326481365,0.21513688582157642
24.72361809045226,0.21642490484348098,0.21391225723414878
24.87437185929648,0.21518641601190502,0.21274532049160358
25.0251256281407,0.2140044392623217,0.2116355976943036
25.17587939698492,0.212878487257528,0.2105825525575931
25.326633165829143,0.21180801129136206,0.20958558937066396
25.477386934673365,0.21079240036586322,0.2086440518297593
25.628140703517587,0.2098309802684284,0.20775722176477487
25.778894472361806,0.20892301264897117,0.20692431778194437
25.929648241206028,0.20806769409708403,0.20614449384766148
26.08040201005025,0.20726415521919117,0.20541683783956954
26.23115577889447,0.20651145971571072,0.2047403700908769
26.38190954773869,0.20580860345821117,0.20411404195251465
26.532663316582912,0.20515451356657266,0.20353673439538159
26.683417085427134,0.20454804748614297,0.20300725667168923
26.834170854271356,0.2039879920648966,0.20252434505053296
26.984924623115575,0.20347306263059295,0.20208666163848718
27.135678391959797,0.20300190206793722,0.20169279329148024
27.28643216080402,0.20257307989573548,0.20134125061966612
27.437185929648237,0.20218509134405682,0.20103046708268363
27.58793969849246,0.20183635643138942,0.20075879816875755
27.73869346733668,0.20152521904179732,0.2005245206477096
27.889447236180903,0.2012499460020818,0.20032583188522457
28.040201005025125,0.2010087261589426,0.20016084920374183
28.190954773869343,0.2007996694561296,0.20002760927415486
28.341708542713565,0.2006208060116066,0.1999240675221099
28.492462311557787,0.20047008519470833,0.19984809753306032
28.643216080402006,0.2003453747032955,0.19979749044129574
28.793969849246228,0.20024445964092408,0.19976995428983138
28.94472361809045,0.20016504159398707,0.19976311335019448
29.09547738693467,0.20010473770888915,0.19977450739366426
29.246231155778894,0.2000610797691964,0.199801590908256
29.396984924623112,0.20003151327279411,0.19984173225856522
29.547738693467334,0.20001339650905248,0.19989221278836378
29.698492462311556,0.20000399963597815,0.19995022586844124
29.849246231155774,0.20000050375737288,0.200012875894512
30.0,0.1999999999999993,0.2000771772419679
30.0,0.2,0.2000771772419679
30.100334448160535,0.2,0.2000771772419679
30.20066889632107,0.2,0.2000771772419679
30.301003344481604,0.2,0.2000771772419679
30.401337792642142,0.2,0.2000771772419679
30.501672240802677,0.2,0.2000771772419679
30.60200668896321,0.2,0.2000771772419679
30.702341137123746,0.2,0.2000771772419679
30.80267558528428,0.2,0.2000771772419679
30.903010033444815,0.2,0.2000771772419679
31.00334448160535,0.2,0.2000771772419679
31.103678929765888,0.2,0.19842568432545352
31.204013377926422,0.2,0.2000771772419679
31.304347826086957,0.2,0.2000771772419679
31.40468227424749,0.2,0.2000771772419679
31.505016722408026,0.2,0.2000771772419679
31.60535117056856,0.2,0.2000771772419679
31.705685618729095,0.2,0.2000771772419679
31.806020066889634,0.2,0.2000771772419679
31.906354515050168,0.2,0.2000771772419679
32.0066889632107,0.2,0.2000771772419679
32.10702341137124,0.2,0.2000771772419679
32.207357859531776,0.2,0.2000771772419679
32.30769230769231,0.2,0.2000771772419679
32.408026755852845,0.2,0.2000771772419679
32.508361204013376,0.2,0.2000771772419679
32.608695652173914,0.2,0.2000771772419679
32.709030100334445,0.2,0.2000771772419679
32.80936454849498,0.2,0.2000771772419679
32.90969899665552,0.2,0.2000771772419679
33.01003344481605,0.2,0.2000771772419679
33.11036789297659,0.2,0.2000771772419679
33.21070234113712,0.2,0.2000771772419679
33.31103678929766,0.2,0.2000771772419679
33.41137123745819,0.2,0.2036319448129023
33.51170568561873,0.2,0.19945232613665653
33.61204013377927,0.2,0.2000771772419679
33.7123745819398,0.2,0.2000771772419679
33.812709030100336,0.2,0.2000771772419679
33.91304347826087,0.2,0.2000771772419679
34.013377926421406,0.2,0.2000771772419679
34.11371237458194,0.2,0.2000771772419679
34.214046822742475,0.2,0.2000771772419679
34.31438127090301,0.2,0.2000771772419679
34.414715719063544,0.2,0.2000771772419679
34.51505016722408,0.2,0.2000771772419679
34.61538461538461,0.2,0.2000771772419679
34.71571906354515,0.2,0.2000771772419679
34.81605351170569,0.2,0.2000771772419679
34.91638795986622,0.2,0.2000771772419679
35.01672240802676,0.2,0.2000771772419679
35.11705685618729,0.2,0.2000771772419679
35.21739130434783,0.2,0.2000771772419679
35.31772575250836,0.2,0.2000771772419679
35.4180602006689,0.2,0.2000771772419679
35.51839464882943,0.2,0.2000771772419679
35.618729096989966,0.2,0.2000771772419679
35.719063545150505,0.2,0.2000771772419679
35.819397993311036,0.2,0.2000771772419679
35.919732441471574,0.2,0.2000771772419679
36.020066889632105,0.2,0.2000771772419679
36.12040133779264,0.2,0.2000771772419679
36.22073578595318,0.2,0.2000771772419679
36.32107023411371,0.2,0.2000771772419679
36.42140468227425,0.2,0.2000771772419679
36.52173913043478,0.2,0.2000771772419679
36.62207357859532,0.2,0.2000771772419679
36.72240802675585,0.2,0.2000771772419679
36.82274247491639,0.2,0.2000771772419679
36.92307692307692,0.2,0.2000771772419679
37.02341137123746,0.2,0.2000771772419679
37.123745819397996,0.2,0.2000771772419679
37.22408026755853,0.2,0.2000771772419679
37.324414715719065,0.2,0.2000771772419679
37.424749163879596,0.2,0.2000771772419679
37.525083612040135,0.2,0.2000771772419679
37.62541806020067,0.2,0.2000771772419679
37.725752508361204,0.2,0.2000771772419679
37.82608695652174,0.2,0.2000771772419679
37.92642140468227,0.2,0.2000771772419679
38.02675585284281,0.2,0.2000771772419679
38.12709030100334,0.2,0.19857545360659534
38.22742474916388,0.2,0.2000771772419679
38.32775919732441,0.2,0.2000771772419679
38.42809364548495,0.2,0.2000771772419679
38.52842809364549,0.2,0.2000771772419679
38.62876254180602,0.2,0.2000771772419679
38.72909698996656,0.2,0.2000771772419679
38.82943143812709,0.2,0.2000771772419679
38.929765886287626,0.2,0.2000771772419679
39.030100334448164,0.2,0.19868488893141717
39.130434782608695,0.2,0.2000771772419679
39.23076923076923,0.2,0.2000771772419679
39.331103678929765,0.2,0.2000771772419679
39.4314381270903,0.2,0.2000771772419679
39.531772575250834,0.2,0.2000771772419679
39.63210702341137,0.2,0.2000771772419679
39.7324414715719,0.2,0.19943763535366182
39.83277591973244,0.2,0.2000771772419679
39.93311036789298,0.2,0.2000771772419679
40.03344481605351,0.2,0.2000771772419679
40.13377926421405,0.2,0.2000771772419679
40.23411371237458,0.2,0.2000771772419679
40.33444816053512,0.2,0.2000771772419679
40.434782608695656,0.2,0.2000771772419679
40.53511705685619,0.2,0.2000771772419679
40.635451505016725,0.2,0.2000771772419679
40.735785953177256,0.2,0.2000771772419679
40.836120401337794,0.2,0.2000771772419679
40.93645484949833,0.2,0.2000771772419679
41.03678929765886,0.2,0.2000771772419679
41.137123745819395,0.2,0.2000771772419679
41.23745819397993,0.2,0.2000771772419679
41.33779264214047,0.2,0.2000771772419679
41.438127090301,0.2,0.2000771772419679
41.53846153846154,0.2,0.2000771772419679
41.63879598662207,0.2,0.2000771772419679
41.73913043478261,0.2,0.2000771772419679
41.83946488294315,0.2,0.2000771772419679
41.93979933110368,0.2,0.2000771772419679
42.04013377926422,0.2,0.20198352752045223
42.14046822742475,0.2,0.1979522798197401
42.240802675585286,0.2,0.2000771772419679
42.341137123745824,0.2,0.2000771772419679
42.441471571906355,0.2,0.2000771772419679
42.541806020066886,0.2,0.2000771772419679
42.642140468227424,0.2,0.2000771772419679
42.74247491638796,0.2,0.2000771772419679
42.84280936454849,0.2,0.2000771772419679
42.94314381270903,0.2,0.2000771772419679
43.04347826086956,0.2,0.2000771772419679
43.1438127090301,0.2,0.2000771772419679
43.24414715719064,0.2,0.20124676279397485
43.34448160535117,0.2,0.2000771772419679
43.44481605351171,0.2,0.2000771772419679
43.54515050167224,0.2,0.2000771772419679
43.64548494983278,0.2,0.2000771772419679
43.745819397993316,0.2,0.2000771772419679
43.84615384615385,0.2,0.2000771772419679
43.94648829431438,0.2,0.2000771772419679
44.046822742474916,0.2,0.2000771772419679
44.147157190635454,0.2,0.2000771772419679
44.247491638795985,0.2,0.2000771772419679
44.34782608695652,0.2,0.2000771772419679
44.448160535117054,0.2,0.19908053480104904
44.54849498327759,0.2,0.2000771772419679
44.64882943143813,0.2,0.2000771772419679
44.74916387959866,0.2,0.2000771772419679
44.8494983277592,0.2,0.2000771772419679
44.94983277591973,0.2,0.2000771772419679
45.05016722408027,0.2,0.2000771772419679
45.15050167224081,0.2,0.2000771772419679
45.25083612040134,0.2,0.2000771772419679
45.35117056856187,0.2,0.2000771772419679
45.45150501672241,0.2,0.2000771772419679
45.551839464882946,0.2,0.2000771772419679
45.65217391304348,0.2,0.2000771772419679
45.752508361204015,0.2,0.2000771772419679
45.852842809364546,0.2,0.2000771772419679
45.953177257525084,0.2,0.2000771772419679
46.05351170568562,0.2,0.2000771772419679
46.15384615384615,0.2,0.2000771772419679
46.254180602006684,0.2,0.20021434706952235
46.35451505016722,0.2,0.2000771772419679
46.45484949832776,0.2,0.2000771772419679
46.5551839464883,0.2,0.2000771772419679
46.65551839464883,0.2,0.2000771772419679
46.75585284280936,0.2,0.2000771772419679
46.8561872909699,0.2,0.2000771772419679
46.95652173913044,0.2,0.2000771772419679
47.056856187290975,0.2,0.2000771772419679
47.15719063545151,0.2,0.2000771772419679
47.25752508361204,0.2,0.2000771772419679
47.357859531772576,0.2,0.2000771772419679
47.458193979933114,0.2,0.2000771772419679
47.558528428093645,0.2,0.2000771772419679
47.658862876254176,0.2,0.1966626717281896
47.759197324414714,0.2,0.2000771772419679
47.85953177257525,0.2,0.2000771772419679
47.95986622073579,0.2,0.2000771772419679
48.06020066889632,0.2,0.2000771772419679
48.16053511705685,0.2,0.2000771772419679
48.26086956521739,0.2,0.2000771772419679
48.36120401337793,0.2,0.2000771772419679
48.46153846153847,0.2,0.2000771772419679
48.561872909699,0.2,0.2000771772419679
48.66220735785953,0.2,0.2000771772419679
48.76254180602007,0.2,0.2000771772419679
48.862876254180605,0.2,0.19951701575898598
48.96321070234114,0.2,0.2000771772419679
49.06354515050167,0.2,0.2000771772419679
49.163879598662206,0.2,0.2000771772419679
49.264214046822744,0.2,0.2000771772419679
49.36454849498328,0.2,0.2000771772419679
49.46488294314381,0.2,0.2000771772419679
49.565217391304344,0.2,0.2000771772419679
49.66555183946488,0.2,0.2000771772419679
49.76588628762542,0.2,0.19946558004826456
49.86622073578596,0.2,0.2000771772419679
49.96655518394649,0.2,0.2000771772419679
50.06688963210702,0.2,0.2000771772419679
50.16722408026756,0.2,0.19565220526147445
50.2675585284281,0.2,0.2000771772419679
50.36789297658863,0.2,0.2000771772419679
50.46822742474916,0.2,0.2000771772419679
50.5685618729097,0.2,0.2000771772419679
50.668896321070235,0.2,0.2000771772419679
50.769230769230774,0.2,0.19913927704073067
50.869565217391305,0.2,0.2000771772419679
50.969899665551836,0.2,0.2000771772419679
51.070234113712374,0.2,0.2000771772419679
51.17056856187291,0.2,0.2000771772419679
51.27090301003345,0.2,0.2000771772419679
51.37123745819398,0.2,0.2000771772419679
51.47157190635451,0.2,0.2000771772419679
51.57190635451505,0.2,0.2000771772419679
51.67224080267559,0.2,0.2000771772419679
51.77257525083612,0.2,0.2000771772419679
51.87290969899666,0.2,0.20059241021634916
51.97324414715719,0.2,0.2000771772419679
52.07357859531773,0.2,0.2000771772419679
52.173913043478265,0.2,0.2000771772419679
52.274247491638796,0.2,0.19875482729247504
52.37458193979933,0.2,0.2000771772419679
52.474916387959865,0.2,0.2000771772419679
52.575250836120404,0.2,0.2000771772419679
52.67558528428094,0.2,0.2000771772419679
52.77591973244147,0.2,0.2000771772419679
52.876254180602004,0.2,0.2000771772419679
52.97658862876254,0.2,0.2000771772419679
53.07692307692308,0.2,0.2000771772419679
53.17725752508361,0.2,0.2000771772419679
53.27759197324415,0.2,0.2000771772419679
53.37792642140468,0.2,0.19843530396384473
53.47826086956522,0.2,0.2000771772419679
53.57859531772576,0.2,0.2000771772419679
53.67892976588629,0.2,0.2000771772419679
53.77926421404682,0.2,0.2000771772419679
53.87959866220736,0.2,0.2000771772419679
53.979933110367895,0.2,0.2000771772419679
54.08026755852843,0.2,0.2000771772419679
54.180602006688964,0.2,0.2000771772419679
54.280936454849495,0.2,0.2000771772419679
54.381270903010034,0.2,0.2000771772419679
54.48160535117057,0.2,0.2000771772419679
54.5819397993311,0.2,0.2000771772419679
54.68227424749164,0.2,0.20107983622684927
54.78260869565217,0.2,0.2000771772419679
54.88294314381271,0.2,0.2000771772419679
54.98327759197325,0.2,0.2000771772419679
55.08361204013378,0.2,0.2000771772419679
55.18394648829431,0.2,0.2000771772419679
55.28428093645485,0.2,0.2000771772419679
55.38461538461539,0.2,0.1999740513997401
55.484949832775925,0.2,0.2000771772419679
55.585284280936456,0.2,0.2000771772419679
55.68561872909699,0.2,0.2000771772419679
55.785953177257525,0.2,0.2000771772419679
55.88628762541806,0.2,0.19742062569814034
55.986622073578594,0.2,0.2000771772419679
56.08695652173913,0.2,0.2000771772419679
56.187290969899664,0.2,0.2000771772419679
56.2876254180602,0.2,0.2000771772419679
56.38795986622074,0.2,0.2000771772419679
56.48829431438127,0.2,0.2000771772419679
56.5886287625418,0.2,0.2000771772419679
56.68896321070234,0.2,0.2000771772419679
56.78929765886288,0.2,0.2000771772419679
56.88963210702342,0.2,0.2000771772419679
56.98996655518395,0.2,0.2000771772419679
57.09030100334448,0.2,0.2000771772419679
57.19063545150502,0.2,0.19807471120094033
57.290969899665555,0.2,0.2000771772419679
57.391304347826086,0.2,0.2000771772419679
57.491638795986624,0.2,0.2000771772419679
57.591973244147155,0.2,0.2000771772419679
57.69230769230769,0.2,0.2000771772419679
57.79264214046823,0.2,0.2000771772419679
57.89297658862876,0.2,0.2000771772419679
57.993311036789294,0.2,0.20338249297134567
58.09364548494983,0.2,0.2011049639763404
58.19397993311037,0.2,0.2000771772419679
58.29431438127091,0.2,0.2000771772419679
58.39464882943144,0.2,0.2000771772419679
58.49498327759197,0.2,0.2000771772419679
58.59531772575251,0.2,0.2000771772419679
58.69565217391305,0.2,0.2000771772419679
58.79598662207358,0.2,0.2000771772419679
58.896321070234116,0.2,0.2000771772419679
58.99665551839465,0.2,0.2000771772419679
59.096989966555185,0.2,0.2000771772419679
59.19732441471572,0.2,0.2000771772419679
59.297658862876254,0.2,0.2000771772419679
59.397993311036785,0.2,0.2000771772419679
59.49832775919732,0.2,0.2000771772419679
59.59866220735786,0.2,0.2020741619904137
59.6989966555184,0.2,0.2000771772419679
59.79933110367893,0.2,0.2000771772419679
59.89966555183946,0.2,0.1973652496424465
60.0,0.2,0.20007328475548528
60.0,0.1999999999998181,0.20007328475548528
60.15075376884422,0.20000050375756473,0.20006411171249383
60.301507537688444,0.20000399963646487,0.20005300574247054
60.45226130653266,0.20001339650934824,0.20004142388490614
60.60301507537689,0.20003151327273372,0.20003134075970716
60.753768844221106,0.2000610797695117,0.20002524379581274
60.904522613065325,0.20010473770889803,0.2000261015680226
61.05527638190955,0.20016504159366377,0.2000373084281934
61.20603015075377,0.20024445964099868,0.20006260948880336
61.35678391959799,0.20034537470337455,0.20010601065095437
61.50753768844221,0.20047008519486553,0.20017167875003336
61.65829145728643,0.2006208060120116,0.20026383701745978
61.80904522613065,0.2007996694560461,0.20038666093991078
61.959798994974875,0.20100872615921617,0.2005441792571497
62.11055276381909,0.20124994600200807,0.2007401843041618
62.26130653266332,0.20152521904174137,0.20097815521432477
62.41206030150754,0.20183635643161324,0.201261196691795
62.562814070351756,0.20218509134383567,0.20159199518421375
62.71356783919598,0.202573079895501,0.20197279338129037
62.8643216080402,0.2030019020680811,0.2024053830738377
63.015075376884425,0.20347306263056453,0.20289111557361214
63.165829145728644,0.20398799206486729,0.20343092814848496
63.31658291457286,0.20454804748624156,0.20402538429836956
63.46733668341709,0.2051545135664128,0.20467472520818927
63.618090452261306,0.20580860345808105,0.20537892937623434
63.768844221105525,0.2065114597153297,0.20613777723540994
63.91959798994975,0.20726415521903618,0.20695091756128722
64.07035175879398,0.20806769409728076,0.20887969157421854
64.22110552763819,0.2089230126489383,0.20873839896405072
64.37185929648241,0.2098309802681797,0.2097119422021255
64.52261306532664,0.21079240036578994,0.210738282421162
64.67336683417085,0.21180801129139581,0.21181727008500317
64.82412060301507,0.21287848725751246,0.21321793909688988
64.9748743718593,0.21400443926268053,0.21413337801734222
65.12562814070351,0.21518641601142008,0.2153710162420101
65.27638190954774,0.21642490484327936,0.2166623313374738
65.42713567839196,0.21772033264869606,0.21800797309962655
65.57788944723617,0.21907306679395333,0.21940870911641663
65.7286432160804,0.2204834160475002,0.22086539245956988
65.87939698492463,0.22195163149945074,0.22237892499776885
66.03015075376885,0.22347790748426632,0.22395021831552908
66.18090452261306,0.22506238250571187,0.22734470242795432
66.33165829145729,0.22670514015680965,0.22726954658918652
66.48241206030151,0.22840621004661443,0.22848056137718953
66.63316582914572,0.23016556871834837,0.23082941196273457
66.78391959798995,0.23198314057708558,0.23270088263293454
66.93467336683418,0.23385879880834182,0.23463376214799558
67.08542713567839,0.23579236630303058,0.2366281064896066
67.23618090452261,0.23778361658196445,0.23868377977139613
67.38693467336684,0.2398322747135353,0.24080045680581122
67.53768844221105,0.2419380182432178,0.24297763200428651
67.68844221105527,0.24410047810988544,0.24521463384551218
67.8391959798995,0.24631923957394974,0.24751064394485658
67.98994974874371,0.24859384313731425,0.24986471960893192
68.14070351758794,0.2509237854656021,0.2522758186728643
68.29145728643216,0.2533085203158407,0.2547428253910863
68.44221105527637,0.2557474594523228,0.25726457618100357
68.5929648241206,0.25823997357292683,0.2598398841037847
68.74371859296483,0.2607853932345279,0.26246756109382535
68.89447236180905,0.26338300977158724,0.2651464371126131
69.04522613065326,0.26603207622065383,0.26787537559569924
69.19597989949749,0.26873180824304654,0.2706532847691127
69.34673366834171,0.2714813850484461,0.2726801739497716
69.49748743718592,0.2742799503171227,0.2751956229485346
69.64824120603015,0.27712661312261844,0.27927070688400163
69.79899497487438,0.2800204488539748,0.28223463151305894
69.94974874371859,0.2829605001402342,0.285242837489829
70.10050251256281,0.2859457777726675,0.2882945068283671
70.25125628140704,0.2889752616270016,0.29138883648440594
70.40201005025125,0.29204790158610194,0.2945250241740898
70.55276381909547,0.29516261846310954,0.2977022538037169
70.7035175879397,0.29831830492685185,0.30091968123823615
70.85427135678393,0.3015138264190682,0.30417642107359594
71.00502512562814,0.30474802208345864,0.3074715349921763
71.15577889447236,0.308019705683364,0.3095508500305526
71.30653266331657,0.3113276665271769,0.31417281208207204
71.4572864321608,0.3146706703923883,0.3175767599247831
71.60804020100502,0.31804746044599597,0.32101464473337943
71.75879396984925,0.3214567581662777,0.3244851701555986
71.90954773869346,0.3248972642713852,0.3279869677173737
72.06030150753769,0.32836765963475045,0.33230024467578895
72.21105527638191,0.33186660621504416,0.33507857959193244
72.36180904522612,0.3353927479711274,0.3353235846226323
72.51256281407035,0.33894471179337415,0.3422773425107474
72.66331658291458,0.34252110842044203,0.3459129273140158
72.8140703517588,0.3461205333637736,0.3495704739958403
72.96482412060301,0.34974156783300714,0.353248337812646
73.11557788944724,0.35338277965547604,0.3569448738306204
73.26633165829145,0.3570427241975267,0.36065844520716683
73.41708542713567,0.36071994529265794,0.36438743012009445
73.5678391959799,0.3644129761628392,0.36813022715736404
73.71859296482413,0.36812034033800956,0.37188525906220415
73.86934673366834,0.3718405525801245,0.3756509748103238
74.02010050251256,0.37557211981174987,0.3794258500733013
74.17085427135679,0.37931354202737566,0.38320838618971464
74.321608040201,0.3830633132283765,0.38699710782944147
74.47236180904522,0.3868199223393276,0.39079055958031395
74.62311557788945,0.39058185413068713,0.3955035912148203
74.77386934673366,0.3943475901437523,0.39713026529246653
74.92462311557789,0.3981156096133418,0.40218494801575433
75.07537688442211,0.4018843903868401,0.40598300752147437
75.22613065326632,0.40565240985597484,0.4119001629847883
75.37688442211055,0.40941814586904,0.4135704679707865
75.52763819095478,0.4131800776608543,0.41735699155344663
75.678391959799,0.41693668677135065,0.42113677155576934
75.82914572864321,0.42068645797189674,0.42490833520294036
75.97989949748744,0.4244278801888868,0.4286701942303675
76.13065326633165,0.42815944741960266,0.43242084544507486
76.28140703517587,0.4318796596626271,0.4361587722643129
76.4321608040201,0.43558702383688797,0.43988244714042585
76.58291457286433,0.43928005470752396,0.44709670122148165
76.73366834170854,0.4429572758026552,0.44728089578240504
76.88442211055276,0.44661722034470586,0.45095259119842684
77.03517587939699,0.45025843216717476,0.45460388671494195
77.1859296482412,0.4538794666364083,0.45823325740099163
77.33668341708542,0.45747889158064936,0.4618391921759761
77.48743718592965,0.46105528820680775,0.46542019806490553
77.63819095477388,0.464607252029964,0.4689748040744095
77.78894472361809,0.468133393786502,0.47250156457802994
77.93969849246231,0.47163234036543145,0.47599906213186427
78.09045226130652,0.47510273572834194,0.4794659096699255
78.24120603015075,0.4785432418339042,0.4829007520612511
78.39195979899498,0.4819525395546407,0.4863022670396741
78.5427135678392,0.48532932960824837,0.4896691655471414
78.69346733668341,0.488672333473005,0.49300019155264685
78.84422110552764,0.4919802943177274,0.49629412143145124
78.99497487437185,0.4952519779180875,0.49954976300127313
79.14572864321607,0.4984861735802042,0.5027659543233322
79.2964824120603,0.5016816950737848,0.5059415623805175
79.44723618090453,0.5048373815370724,0.5090754817395512
79.59798994974875,0.5079520984154442,0.5121666333037092
79.74874371859296,0.511024738373635,0.5152139632464858
79.89949748743719,0.5140542222279691,0.5182164422067281
80.0502512562814,0.5170394998594929,0.5211730648052388
80.20100502512562,0.5199795511462071,0.5240828495279539
80.35175879396985,0.5228733868780182,0.5269448389980121
80.50251256281408,0.5257200496835139,0.5288702989801496
80.65326633165829,0.528518614951281,0.5337840330635721
80.80402010050251,0.5312681917566806,0.535234840820103
80.95477386934672,0.5339679237795281,0.537896589367989
81.10552763819095,0.5366169902290494,0.5405061537837743
81.25628140703517,0.5392146067651993,0.5430627475288373
81.4070351758794,0.5417600264281646,0.5455656193952708
81.55778894472361,0.5442525405487686,0.5480140558267457
81.70854271356784,0.5466914796843412,0.5504073832265576
81.85929648241206,0.5490762145345798,0.5527449701891264
82.01005025125627,0.5514061568637771,0.5565510228046215
82.1608040201005,0.5536807604257774,0.5572506205653452
82.31155778894473,0.5558995218898417,0.5594176501191933
82.46231155778895,0.5580619817574188,0.5615268747141812
82.61306532663316,0.5601677252861919,0.5635779014564453
82.76381909547739,0.5622163834177627,0.5655703891038029
82.9145728643216,0.5642076336971513,0.5675040488325965
83.06532663316582,0.5661412011913853,0.56937864479548
83.21608040201005,0.5680168594226416,0.5711939945014207
83.36683417085428,0.5698344312813788,0.5729499690520071
83.51758793969849,0.5715937899540222,0.5746464932755218
83.66834170854271,0.5732948598433723,0.5762835458004293
83.81909547738692,0.5749376174953795,0.5778611591112487
83.96984924623115,0.5765220925159156,0.5793794196262827
84.12060301507537,0.5780483685002764,0.5808384678353067
84.2713567839196,0.5795165839526817,0.5822384985281768
84.42211055276383,0.5809269332066833,0.58357976114001
84.57286432160804,0.5822796673528501,0.5848625602324425
84.72361809045226,0.5835750951573573,0.5860872561215263
84.87437185929647,0.5848135839887618,0.587254265657054
85.0251256281407,0.5859955607384109,0.5883640631496494
85.17587939698493,0.5871215127426694,0.5894171814361271
85.32663316582915,0.5881919887087861,0.5904142130682494
85.47738693467336,0.589207599634392,0.5913558116043794
85.62814070351759,0.590169019732457,0.5922426929812226
85.7788944723618,0.5910769873507888,0.5930756369396638
85.92964824120602,0.5919323059024464,0.5911147022497109
86.08040201005025,0.592735844780691,0.5945831593158709
86.23115577889448,0.5934885402839427,0.5952596293132412
86.38190954773869,0.5941913965416461,0.5958859478763497
86.53266331658291,0.5948454864337691,0.5964632352780354
86.68341708542714,0.5954519525139403,0.5969926839104085
86.83417085427135,0.5960120079344051,0.597475559449354
86.98492462311557,0.5965269373691626,0.5979132019268052
87.1356783919598,0.596998097931646,0.5983070267092425
87.28643216080403,0.5974269201042262,0.5986585253869443
87.43718592964824,0.5978149086558915,0.5989692665801188
87.58793969849246,0.5981636435690234,0.5992408966732768
87.73869346733667,0.5984747809588953,0.5994751404902837
87.8894472361809,0.5987500539977191,0.5996738019254507
88.04020100502512,0.59899127384233,0.5991217490880738
88.19095477386935,0.599200330543681,0.5999719921882681
88.34170854271356,0.5993791939872608,0.600075529542448
88.49246231155779,0.5995299148062259,0.6001515027780192
88.643216080402,0.5996546252972621,0.600202120182584
88.79396984924622,0.5997555403591832,0.6002296728510629
88.94472361809045,0.5998349584060634,0.6002365354229329
89.09547738693468,0.5998952622903744,0.6002251668746369
89.2462311557789,0.5999389202315797,0.6001981113701954
89.39698492462311,0.5999684867274482,0.6001579991678836
89.54773869346734,0.5999866034917432,0.6001075475826129
89.69849246231155,0.599996000363717,0.6000495619961361
89.84924623115577,0.5999994962430719,0.5999869369103574
90.0,0.6000000000003638,0.5999226570328317
