t,x,v,a,phi,phi_v,phi_a
0.0,0.0,0.0,0.0004439506172839507,0.0,0.0,0.005549382716049384
0.01,4.4395061728395075e-08,4.4395061728395074e-06,0.0008869135802469136,5.549382716049384e-07,5.549382716049384e-05,0.011086419753086421
0.02,2.217777777777778e-07,1.7738271604938273e-05,0.0017713580246913581,2.7722222222222227e-06,0.00022172839506172845,0.022141975308641974
0.03,6.204444444444444e-07,3.986666666666667e-05,0.00265283950617284,7.755555555555557e-06,0.0004983333333333334,0.033160493827160506
0.04,1.3283950617283952e-06,7.079506172839508e-05,0.003531358024691358,1.660493827160494e-05,0.0008849382716049386,0.04414197530864197
0.05,2.4333333333333335e-06,0.00011049382716049383,0.004406913580246913,3.041666666666667e-05,0.0013811728395061729,0.05508641975308641
0.06,4.022666666666667e-06,0.00015893333333333334,0.0052795061728395055,5.028333333333335e-05,0.001986666666666667,0.06599382716049383
0.07,6.183506172839507e-06,0.00021608395061728394,0.006149135802469139,7.729382716049383e-05,0.0027010493827160495,0.07686419753086425
0.08,9.002666666666668e-06,0.0002819160493827161,0.007015802469135802,0.00011253333333333336,0.003523950617283952,0.08769753086419756
0.09,1.2566666666666668e-05,0.0003564,0.007879506172839498,0.00015708333333333337,0.004455000000000001,0.09849382716049372
0.1,1.6961728395061727e-05,0.0004395061728395061,0.008740246913580246,0.00021202160493827166,0.005493827160493826,0.10925308641975304
0.11,2.227377777777778e-05,0.0005312049382716049,0.009598024691358033,0.0002784222222222223,0.006640061728395061,0.11997530864197546
0.12,2.858844444444445e-05,0.0006314666666666668,0.010452839506172845,0.0003573555555555556,0.007893333333333336,0.1306604938271606
0.13,3.599106172839507e-05,0.0007402617283950618,0.011304691358024688,0.00044988827160493837,0.009253271604938273,0.14130864197530857
0.14,4.456666666666668e-05,0.0008575604938271605,0.012153580246913572,0.0005570833333333335,0.010719506172839507,0.15191975308641953
0.15,5.4400000000000014e-05,0.0009833333333333332,0.012999506172839516,0.00068,0.012291666666666664,0.16249382716049393
0.16,6.557550617283952e-05,0.0011175506172839509,0.01384246913580247,0.000819693827160494,0.013969382716049385,0.17303086419753103
0.17,7.817733333333335e-05,0.0012601827160493826,0.014682469135802468,0.000977216666666667,0.015752283950617285,0.18353086419753087
0.18,9.228933333333334e-05,0.0014112000000000003,0.01551950617283953,0.0011536166666666669,0.017640000000000003,0.19399382716049404
0.19,0.00010799506172839509,0.0015705728395061732,0.016353580246913565,0.0013499382716049386,0.019632160493827166,0.20441975308641958
0.2,0.0001253777777777778,0.0017382716049382716,0.017184691358024664,0.0015672222222222225,0.021728395061728394,0.21480864197530833
0.21,0.00014452044444444447,0.0019142666666666665,0.018012839506172832,0.0018065055555555557,0.023928333333333333,0.22516049382716052
0.22,0.00016550572839506172,0.0020985283950617282,0.01883802469135803,0.002068821604938272,0.026231604938271605,0.23547530864197544
0.23,0.000188416,0.002291027160493827,0.019660246913580284,0.0023552000000000004,0.02863783950617284,0.2457530864197534
0.24,0.00021333333333333333,0.002491733333333334,0.020479506172839498,0.0026666666666666674,0.031146666666666673,0.25599382716049396
0.25,0.00024033950617283951,0.002700617283950617,0.021295802469135774,0.0030042438271604944,0.03375771604938272,0.2661975308641975
0.26,0.00026951599999999997,0.0029176493827160494,0.022109135802469156,0.0033689500000000008,0.036470617283950624,0.27636419753086433
0.27,0.000300944,0.0031428000000000003,0.022919506172839513,0.003761800000000001,0.03928500000000001,0.2864938271604937
0.28,0.0003347043950617284,0.0033760395061728397,0.023726913580246867,0.0041838049382716055,0.0422004938271605,0.2965864197530858
0.29,0.00037087777777777776,0.0036173382716049376,0.024531358024691304,0.004635972222222224,0.045216728395061724,0.30664197530864135
0.3,0.0004095444444444444,0.003866666666666666,0.02533283950617287,0.005119305555555557,0.048333333333333325,0.3166604938271606
0.31,0.00045078439506172837,0.004123995061728395,0.026131358024691475,0.005634804938271606,0.051549938271604936,0.3266419753086433
0.32,0.0004946773333333334,0.004389293827160495,0.026926913580246903,0.006183466666666668,0.05486617283950619,0.3365864197530866
0.33,0.0005413026666666667,0.004662533333333333,0.027719506172839456,0.006766283333333335,0.05828166666666667,0.3464938271604934
0.34,0.0005907395061728395,0.0049436839506172845,0.028509135802469224,0.007384243827160496,0.06179604938271606,0.3563641975308649
0.35000000000000003,0.0006430666666666666,0.005232716049382718,0.029295802469135775,0.008038333333333337,0.06540895061728397,0.3661975308641971
0.36,0.0006983626666666666,0.0055296,0.03007950617283945,0.008729533333333336,0.06912,0.37599382716049373
0.37,0.0007567057283950617,0.005834306172839507,0.030860246913580337,0.009458821604938274,0.07292882716049384,0.3857530864197545
0.38,0.0008181737777777777,0.006146804938271607,0.03163802469135805,0.010227172222222225,0.07683506172839509,0.39547530864197583
0.39,0.0008828444444444445,0.006467066666666668,0.032412839506172714,0.011035555555555559,0.08083833333333336,0.40516049382715924
0.4,0.000950795061728395,0.006795061728395061,0.03318469135802472,0.011884938271604941,0.08493827160493828,0.41480864197530887
0.41000000000000003,0.0010221026666666665,0.007130760493827162,0.033953580246913556,0.012776283333333336,0.08913450617283954,0.4244197530864191
0.42,0.0010968439999999998,0.007474133333333332,0.034719506172839344,0.013710550000000002,0.09342666666666666,0.43399382716049206
0.43,0.0011750955061728395,0.007825150617283949,0.035482469135802476,0.014688693827160496,0.09781438271604938,0.4435308641975312
0.44,0.0012569333333333332,0.008183782716049382,0.036242469135802556,0.01571166666666667,0.10229728395061728,0.4530308641975317
0.45,0.0013424333333333332,0.00855,0.03699950617283964,0.01678041666666667,0.10687500000000001,0.46249382716049486
0.46,0.0014316710617283952,0.008923772839506175,0.03775358024691363,0.017895888271604942,0.11154716049382718,0.4719197530864208
0.47000000000000003,0.0015247217777777777,0.009305071604938273,0.03850469135802462,0.019059022222222225,0.11631339506172843,0.48130864197530804
0.48,0.0016216604444444444,0.009693866666666667,0.039252839506172775,0.020270755555555558,0.12117333333333334,0.4906604938271587
0.49,0.0017225617283950618,0.010090128395061728,0.03999802469135801,0.021532021604938275,0.1261266049382716,0.49997530864197487
0.5,0.0018275,0.010493827160493827,0.04074024691358034,0.022843750000000003,0.13117283950617284,0.5092530864197544
0.51,0.0019365493333333335,0.010904933333333335,0.041479506172839575,0.02420686666666667,0.1363116666666667,0.5184938271604946
0.52,0.0020497835061728397,0.011323417283950619,0.04221580246913572,0.025622293827160497,0.14154271604938273,0.5276975308641976
0.53,0.002167276,0.01174924938271605,0.04294913580246912,0.027090950000000006,0.14686561728395064,0.5368641975308647
0.54,0.0022891,0.012182400000000001,0.043679506172839694,0.028613750000000007,0.15228000000000003,0.5459938271604944
0.55,0.0024153283950617286,0.012622839506172844,0.04440691358024683,0.030191604938271614,0.15778549382716053,0.5550864197530855
0.56,0.002546033777777778,0.013070538271604938,0.04513135802469139,0.03182542222222223,0.16338172839506174,0.5641419753086435
0.5700000000000001,0.0026812884444444448,0.013525466666666671,0.045852839506172784,0.033516105555555564,0.1690683333333334,0.5731604938271601
0.58,0.0028211643950617287,0.013987595061728393,0.04657135802469099,0.03526455493827162,0.17484493827160494,0.5821419753086379
0.59,0.0029657333333333335,0.014456893827160491,0.0472869135802469,0.03707166666666668,0.18071117283950616,0.5910864197530854
0.6,0.0031150666666666673,0.014933333333333331,0.04799950617283962,0.038938333333333346,0.18666666666666665,0.5999938271604957
0.61,0.0032692355061728403,0.015416883950617284,0.048709135802469085,0.04086544382716051,0.19271104938271608,0.6088641975308645
0.62,0.0034283106666666676,0.015907516049382713,0.04941580246913572,0.04285388333333334,0.19884395061728394,0.6176975308641947
0.63,0.0035923626666666676,0.016405199999999998,0.050119506172839785,0.04490453333333335,0.20506499999999997,0.6264938271604972
0.64,0.0037614617283950624,0.01690990617283951,0.05082024691358041,0.04701827160493829,0.21137382716049388,0.6352530864197555
0.65,0.003935677777777778,0.017421604938271606,0.05151802469135786,0.049195972222222245,0.21777006172839508,0.6439753086419738
0.66,0.004115080444444445,0.017940266666666666,0.052212839506172656,0.051438505555555576,0.22425333333333336,0.6526604938271591
0.67,0.004299739061728395,0.01846586172839506,0.05290469135802462,0.05374673827160496,0.23082327160493826,0.6613086419753069
0.68,0.004489722666666667,0.01899836049382716,0.05359358024691358,0.056121533333333355,0.2374795061728395,0.6699197530864204
0.6900000000000001,0.0046851,0.01953773333333333,0.054279506172839886,0.05856375000000002,0.24422166666666667,0.6784938271604992
0.7000000000000001,0.0048859395061728395,0.020083950617283956,0.05496246913580232,0.06107424382716051,0.2510493827160495,0.6870308641975298
0.71,0.005092309333333334,0.020636982716049378,0.05564246913580227,0.06365386666666668,0.25796228395061727,0.6955308641975272
0.72,0.005304277333333334,0.021196800000000002,0.05631950617283974,0.06630346666666669,0.26496000000000003,0.7039938271604956
0.73,0.005521911061728395,0.021763372839506172,0.056993580246913686,0.06902388827160495,0.2720421604938272,0.7124197530864212
0.74,0.005745277777777778,0.022336671604938275,0.05766469135802463,0.07181597222222223,0.27920839506172845,0.7208086419753096
0.75,0.0059744444444444446,0.022916666666666665,0.05833283950617309,0.07468055555555557,0.28645833333333337,0.7291604938271634
0.76,0.006209477728395062,0.023503328395061737,0.05899802469135802,0.07761847160493829,0.2937916049382717,0.7374753086419744
0.77,0.0064504440000000005,0.024096627160493825,0.059660246913579955,0.08063055000000002,0.30120783950617286,0.7457530864197509
0.78,0.0066974093333333345,0.024696533333333336,0.06031950617283975,0.0837176166666667,0.30870666666666674,0.7539938271604957
0.79,0.00695043950617284,0.02530301728395062,0.060975802469135504,0.08688049382716052,0.31628771604938277,0.7621975308641948
0.8,0.007209600000000001,0.025916049382716046,0.06162913580246895,0.09012000000000002,0.32395061728395064,0.7703641975308623
0.81,0.0074749560000000005,0.0265356,0.06227950617284008,0.09343695000000002,0.331695,0.778493827160498
0.8200000000000001,0.007746572395061729,0.027161639506172848,0.06292691358024682,0.09683215493827163,0.3395204938271606,0.7865864197530853
0.8300000000000001,0.008024513777777778,0.027794138271604936,0.06357135802469073,0.10030642222222225,0.3474267283950617,0.7946419753086353
0.84,0.008308844444444446,0.028433066666666663,0.06421283950617268,0.10386055555555558,0.3554133333333333,0.8026604938271592
0.85,0.00859962839506173,0.02907839506172839,0.06485135802469146,0.10749535493827163,0.3634799382716049,0.810641975308643
0.86,0.008896929333333334,0.029730093827160492,0.06548691358024705,0.11121161666666668,0.37162617283950616,0.8185864197530868
0.87,0.009200810666666668,0.03038813333333333,0.06611950617283947,0.11501013333333335,0.37985166666666664,0.8264938271604932
0.88,0.00951133550617284,0.03105248395061728,0.06674913580246924,0.1188916938271605,0.38815604938271603,0.8343641975308652
0.89,0.009828566666666668,0.031723116049382716,0.06737580246913617,0.12285708333333334,0.39653895061728395,0.8421975308641999
0.9,0.01015256666666667,0.032400000000000005,0.06799950617283959,0.12690708333333334,0.405,0.8499938271604973
0.91,0.010483397728395065,0.03308310617283951,0.06862024691358,0.13104247160493826,0.4135388271604939,0.8577530864197519
0.92,0.010821121777777783,0.033772404938271605,0.06923802469135792,0.13526402222222222,0.42215506172839506,0.865475308641972
0.93,0.01116580044444445,0.034467866666666666,0.06985283950617302,0.13957250555555556,0.43084833333333333,0.8731604938271631
0.9400000000000001,0.011517495061728401,0.035169461728395066,0.07046469135802494,0.14396868827160494,0.4396182716049383,0.8808086419753114
0.9500000000000001,0.011876266666666671,0.035877160493827165,0.07107358024691333,0.14845333333333335,0.44846450617283956,0.8884197530864196
0.96,0.012242176000000006,0.03659093333333333,0.0716795061728389,0.1530272,0.4573866666666667,0.8959938271604878
0.97,0.012615283506172843,0.03731075061728394,0.07228246913580233,0.1576910438271605,0.4663843827160493,0.903530864197527
0.98,0.012995649333333336,0.03803658271604938,0.07288246913580328,0.16244561666666665,0.47545728395061726,0.9110308641975401
0.99,0.013383333333333336,0.03876840000000001,0.07347950617283966,0.16729166666666664,0.4846050000000001,0.9184938271604937
1.0,0.013778395061728397,0.03950617283950617,0.07407358024691321,0.1722299382716049,0.49382716049382713,0.9259197530864155
1.01,0.01418089377777778,0.04024987160493827,0.07466469135802498,0.17726117222222218,0.5031233950617284,0.9333086419753167
1.02,0.014590888444444446,0.04099946666666667,0.07525283950617287,0.18238610555555554,0.5124933333333335,0.9406604938271612
1.03,0.015008437728395064,0.04175492839506173,0.07583802469135828,0.18760547160493826,0.5219366049382717,0.947975308641974
1.04,0.0154336,0.04251622716049384,0.07642024691358051,0.19291999999999998,0.531452839506173,0.955253086419755
1.05,0.015866433333333336,0.04328333333333334,0.07699950617283888,0.19833041666666668,0.5410416666666668,0.9624938271604877
1.06,0.01630699550617284,0.044056217283950615,0.0775758024691358,0.20383744382716049,0.5507027160493827,0.9696975308641997
1.07,0.016755344000000002,0.044834849382716056,0.0781491358024692,0.2094418,0.5604356172839507,0.976864197530869
1.08,0.017211536,0.0456192,0.07871950617283907,0.2151442,0.5702400000000001,0.9839938271604898
1.09,0.01767562839506173,0.04640923950617284,0.07928691358024785,0.22094535493827164,0.5801154938271605,0.9910864197530955
1.1,0.018147677777777777,0.047204938271604956,0.07985135802469241,0.22684597222222225,0.590061728395062,0.9981419753086529
1.11,0.018627740444444447,0.048006266666666686,0.08041283950617206,0.23284675555555556,0.6000783333333336,1.0051604938271508
1.12,0.01911587239506173,0.0488131950617284,0.08097135802469096,0.2389484049382716,0.610164938271605,1.0121419753086336
1.1300000000000001,0.019612129333333332,0.049625693827160505,0.08152691358024738,0.24515161666666668,0.6203211728395063,1.0190864197530958
1.1400000000000001,0.020116566666666665,0.050443733333333345,0.08207950617283959,0.25145708333333333,0.6305466666666669,1.0259938271604985
1.1500000000000001,0.02062923950617284,0.0512672839506173,0.08262913580246826,0.2578654938271605,0.6408410493827162,1.0328641975308472
1.16,0.02115020266666667,0.05209631604938271,0.08317580246913446,0.26437753333333336,0.6512039506172839,1.039697530864181
1.17,0.02167951066666667,0.052930799999999986,0.08371950617283956,0.27099388333333335,0.6616349999999999,1.046493827160494
1.18,0.022217217728395064,0.0537707061728395,0.08426024691358114,0.2777152216049383,0.6721338271604937,1.0532530864197642
1.19,0.02276337777777778,0.05461600493827161,0.0847980246913578,0.2845422222222222,0.6827000617283951,1.059975308641975
1.2,0.02331804444444445,0.05546666666666666,0.08533283950617233,0.29147555555555554,0.6933333333333332,1.066660493827154
1.21,0.0238812710617284,0.056322661728395056,0.08586469135802542,0.2985158882716049,0.7040332716049382,1.073308641975318
1.22,0.02445311066666667,0.057183960493827166,0.0863935802469136,0.3056638833333333,0.7147995061728396,1.0799197530864224
1.23,0.025033616000000005,0.05805053333333333,0.0869195061728386,0.3129201999999999,0.7256316666666667,1.086493827160484
1.24,0.025622839506172845,0.05892235061728394,0.08744246913580285,0.32028549382716043,0.7365293827160493,1.0930308641975361
1.25,0.02622083333333334,0.059799382716049385,0.08796246913580254,0.32776041666666667,0.7474922839506174,1.0995308641975288
1.26,0.02682764933333334,0.06068159999999999,0.08847950617283974,0.3353456166666666,0.7585199999999999,1.1059938271604952
1.27,0.0274433390617284,0.06156897283950618,0.08899358024691516,0.3430417382716049,0.7696121604938273,1.112419753086441
1.28,0.028067953777777783,0.06246147160493829,0.08950469135802393,0.3508494222222222,0.7807683950617287,1.1188086419752996
1.29,0.02870154444444445,0.06335906666666666,0.0900128395061716,0.35876930555555553,0.7919883333333333,1.1251604938271487
1.3,0.029344161728395064,0.06426172839506172,0.09051802469135853,0.3668020216049383,0.8032716049382717,1.1314753086419826
1.31,0.029995856,0.06516942716049383,0.09102024691358054,0.37494819999999995,0.814617839506173,1.1377530864197516
1.32,0.030656677333333337,0.06608213333333333,0.09151950617284008,0.38320846666666664,0.8260266666666667,1.1439938271605
1.33,0.031326675506172845,0.06699981728395063,0.09201580246913574,0.3915834438271605,0.837497716049383,1.1501975308641998
1.34,0.032005900000000004,0.06792244938271605,0.09250913580246892,0.40007374999999995,0.8490306172839507,1.156364197530857
1.35,0.032694400000000005,0.06885000000000001,0.09299950617283961,0.40867999999999993,0.8606250000000001,1.1624938271604934
1.36,0.03339222439506173,0.06978243950617284,0.09348691358024713,0.4174028049382716,0.8722804938271606,1.1685864197530926
1.37,0.034099421777777784,0.07071973827160495,0.09397135802469148,0.4262427722222222,0.8839967283950619,1.1746419753086434
1.3800000000000001,0.03481604044444445,0.07166186666666667,0.09445283950617334,0.4352005055555555,0.8957733333333334,1.1806604938271625
1.3900000000000001,0.03554212839506173,0.07260879506172842,0.09493135802469271,0.44427660493827154,0.9076099382716052,1.1866419753086555
1.4000000000000001,0.03627773333333334,0.07356049382716053,0.09540691358024544,0.4534716666666666,0.9195061728395065,1.1925864197530722
1.41,0.03702290266666667,0.07451693333333333,0.09587950617283708,0.4627862833333332,0.9314616666666666,1.1984938271604684
1.42,0.03777768350617284,0.07547808395061727,0.09634913580246901,0.4722210438271604,0.9434760493827159,1.204364197530866
1.43,0.03854212266666667,0.0764439160493827,0.09681580246913637,0.48177653333333326,0.955548950617284,1.21019753086421
1.44,0.03931626666666667,0.0774144,0.09727950617283987,0.4914533333333333,0.9676800000000001,1.2159938271604942
1.45,0.04010016172839507,0.0783895061728395,0.09774024691357949,0.5012520216049382,0.9798688271604938,1.2217530864197412
1.46,0.04089385377777778,0.07936920493827158,0.09819802469135733,0.5111731722222221,0.9921150617283949,1.2274753086419676
1.47,0.04169738844444445,0.08035346666666665,0.09865283950617407,0.5212173555555555,1.0044183333333332,1.233160493827179
1.48,0.042510811061728396,0.08134226172839507,0.09910469135802485,0.5313851382716048,1.0167782716049385,1.2388086419753086
1.49,0.04333416666666667,0.08233556049382715,0.09955358024691316,0.5416770833333333,1.0291945061728394,1.244419753086412
1.5,0.0441675,0.08333333333333333,0.09999950617284037,0.5520937499999999,1.0416666666666667,1.2499938271605004
1.51,0.045010855506172835,0.08433555061728396,0.1004424691358044,0.5626356938271604,1.0541943827160494,1.2555308641975516
1.52,0.04586427733333332,0.08534218271604942,0.10088246913580179,0.5733034666666665,1.0667772839506178,1.261030864197532
1.53,0.04672780933333332,0.08635319999999999,0.10131950617283739,0.5840976166666666,1.079415,1.2664938271604642
1.54,0.04760149506172838,0.08736857283950616,0.10175358024691467,0.5950186882716048,1.092107160493827,1.2719197530864368
1.55,0.04848537777777777,0.08838827160493828,0.1021846913580253,0.6060672222222221,1.1048533950617287,1.2773086419753277
1.56,0.04937950044444444,0.08941226666666667,0.10261283950617275,0.6172437555555554,1.1176533333333336,1.282660493827148
1.57,0.050283905728395056,0.09044052839506174,0.10303802469135842,0.6285488216049382,1.1305066049382717,1.2879753086419754
1.58,0.051198636,0.09147302716049384,0.10346024691358022,0.6399829499999999,1.1434128395061731,1.2932530864197544
1.59,0.05212373333333333,0.09250973333333334,0.10387950617283884,0.6515466666666666,1.1563716666666668,1.2984938271604851
1.6,0.053059239506172834,0.09355061728395062,0.10429580246913567,0.6632404938271604,1.1693827160493828,1.3036975308642007
1.61,0.054005196,0.09459564938271606,0.10470913580246932,0.6750649499999999,1.1824456172839508,1.3088641975308568
1.62,0.054961644,0.0956448,0.10511950617283841,0.6870205499999998,1.19556,1.3139938271604867
1.6300000000000001,0.05592862439506172,0.09669803950617283,0.10552691358024849,0.6991078049382715,1.2087254938271605,1.3190864197531127
1.6400000000000001,0.05690617777777777,0.09775533827160497,0.1059313580246933,0.7113272222222221,1.2219417283950622,1.324141975308657
1.6500000000000001,0.05789434444444444,0.09881666666666669,0.10633283950617148,0.7236793055555555,1.2352083333333337,1.3291604938271417
1.6600000000000001,0.05889316439506172,0.0998819950617284,0.10673135802468994,0.7361645549382715,1.248524938271605,1.3341419753086337
1.67,0.05990267733333332,0.10095129382716049,0.10712691358024592,0.7487834666666666,1.2618911728395064,1.3390864197530772
1.68,0.06092292266666666,0.10202453333333332,0.10751950617284081,0.7615365333333333,1.2753066666666666,1.3439938271604945
1.69,0.06195393950617283,0.1031016839506173,0.10790913580246905,0.7744242438271605,1.2887710493827162,1.3488641975308635
1.7,0.06299576666666666,0.1041827160493827,0.10829580246913412,0.7874470833333332,1.3022839506172839,1.353697530864184
1.71,0.06404844266666666,0.10526759999999999,0.10867950617283947,0.8006055333333332,1.315845,1.3584938271604896
1.72,0.06511200572839507,0.10635630617283949,0.10906024691358027,0.8139000716049382,1.3294538271604937,1.3632530864197578
1.73,0.06618649377777777,0.1074488049382716,0.10943802469135788,0.8273311722222221,1.343110061728395,1.3679753086419777
1.74,0.06727194444444444,0.10854506666666665,0.10981283950617371,0.8408993055555554,1.3568133333333332,1.3726604938271714
1.75,0.0683683950617284,0.10964506172839507,0.11018469135802497,0.8546049382716048,1.3705632716049385,1.3773086419753167
1.76,0.06947588266666667,0.11074876049382715,0.11055358024691167,0.8684485333333332,1.3843595061728395,1.3819197530863914
1.77,0.07059444399999999,0.1118561333333333,0.11091950617284005,0.8824305499999998,1.3982016666666663,1.3864938271604954
1.78,0.07172411550617284,0.11296715061728395,0.11128246913580456,0.8965514438271603,1.4120893827160494,1.391030864197551
1.79,0.07286493333333333,0.11408178271604939,0.11164246913580311,0.9108116666666665,1.4260222839506174,1.3955308641975361
1.8,0.07401693333333333,0.11520000000000001,0.11199950617283988,0.9252116666666664,1.4400000000000002,1.3999938271605061
1.81,0.07518015106172839,0.11632177283950619,0.11235358024691347,0.9397518882716047,1.4540221604938275,1.4044197530864166
1.82,0.07635462177777777,0.11744707160493828,0.1127046913580225,0.9544327722222219,1.4680883950617285,1.4088086419752788
1.83,0.07754038044444443,0.11857586666666664,0.11305283950617181,0.9692547555555553,1.482198333333333,1.4131604938271591
1.84,0.07873746172839505,0.11970812839506172,0.11339802469136073,0.9842182716049379,1.4963516049382717,1.4174753086420022
1.85,0.07994589999999999,0.12084382716049386,0.11374024691358092,0.9993237499999996,1.510547839506173,1.4217530864197525
1.86,0.08116572933333333,0.12198293333333333,0.11407950617283863,1.0145716166666663,1.5247866666666667,1.4259938271604877
1.87,0.08239698350617283,0.12312541728395063,0.11441580246913594,1.0299622938271602,1.5390677160493829,1.4301975308641968
1.8800000000000001,0.08363969599999999,0.12427124938271605,0.11474913580246937,1.0454961999999999,1.5533906172839507,1.4343641975308685
1.8900000000000001,0.08489389999999998,0.12542040000000002,0.11507950617284102,1.0611737499999998,1.5677550000000002,1.438493827160514
1.9000000000000001,0.08615962839506171,0.12657283950617287,0.1154069135802474,1.0769953549382714,1.582160493827161,1.442586419753089
1.9100000000000001,0.08743691377777775,0.12772853827160496,0.11573135802468992,1.0929614222222221,1.596606728395062,1.4466419753086268
1.92,0.08872578844444443,0.12888746666666667,0.11605283950616996,1.1090723555555553,1.6110933333333335,1.4506604938271384
1.93,0.0900262843950617,0.13004959506172836,0.1163713580246889,1.1253285549382712,1.6256199382716048,1.4546419753086237
1.94,0.0913384333333333,0.13121489382716045,0.11668691358024952,1.1417304166666664,1.640186172839506,1.458586419753105
1.95,0.09266226666666663,0.13238333333333335,0.1169995061728421,1.158278333333333,1.6547916666666669,1.462493827160516
1.96,0.09399781550617281,0.1335548839506173,0.11730913580246805,1.17497269382716,1.6694360493827163,1.466364197530845
1.97,0.09534511066666664,0.1347295160493827,0.11761580246913705,1.1918138833333332,1.6841189506172838,1.4701975308642035
1.98,0.09670418266666664,0.13590720000000003,0.1179195061728408,1.2088022833333332,1.6988400000000003,1.4739938271605135
1.99,0.09807506172839503,0.13708790617283953,0.11822024691357791,1.225938271604938,1.713598827160494,1.4777530864197308
2.0,0.09945777777777774,0.1382716049382716,0.11851802469135808,1.243222222222222,1.728395061728395,1.4814753086419774
2.0100000000000002,0.10085236044444441,0.1394582666666667,0.11881283950617161,1.2606545055555554,1.7432283333333336,1.4851604938271534
2.02,0.10225883906172836,0.14064786172839502,0.11910469135802404,1.2782354882716047,1.758098271604938,1.4888086419753144
2.0300000000000002,0.10367724266666663,0.14184036049382717,0.11939358024691676,1.295965533333333,1.77300450617284,1.4924197530864491
2.04,0.10510759999999997,0.14303573333333336,0.11967950617283729,1.3138449999999997,1.787946666666667,1.4959938271604578
2.05,0.10654993950617281,0.14423395061728392,0.11996246913580227,1.3318742438271602,1.802924382716049,1.4995308641975402
2.06,0.1080042893333333,0.1454349827160494,0.120242469135802,1.3500536166666663,1.8179372839506178,1.5030308641975298
2.07,0.1094706773333333,0.14663879999999996,0.12051950617283924,1.3683834666666663,1.8329849999999996,1.5064938271604822
2.08,0.11094913106172836,0.1478453728395062,0.12079358024691539,1.3868641382716047,1.8480671604938275,1.5099197530864306
2.09,0.11243967777777775,0.14905467160493827,0.12106469135802489,1.405495972222222,1.8631833950617283,1.5133086419753194
2.1,0.11394234444444441,0.1502666666666667,0.1213328395061733,1.4242793055555552,1.8783333333333339,1.516660493827171
2.11,0.11545715772839503,0.15148132839506173,0.12159802469135644,1.443214471604938,1.8935166049382717,1.519975308641952
2.12,0.11698414399999996,0.15269862716049382,0.12186024691358127,1.4623017999999997,1.908732839506173,1.5232530864197624
2.13,0.1185233293333333,0.15391853333333336,0.12211950617284084,1.4815416166666662,1.923981666666667,1.5264938271605022
2.14,0.1200747395061728,0.15514101728395063,0.12237580246913515,1.50093424382716,1.939262716049383,1.5296975308642047
2.15,0.12163839999999997,0.15636604938271606,0.12262913580246698,1.5204799999999994,1.954575617283951,1.5328641975308477
2.16,0.12321433599999998,0.15759359999999997,0.1228795061728391,1.5401791999999994,1.96992,1.5359938271604756
2.17,0.12480257239506169,0.15882363950617284,0.12312691358024735,1.560032154938271,1.9852954938271605,1.5390864197530996
2.18,0.12640313377777773,0.16005613827160492,0.12337135802469035,1.5800391722222216,2.000701728395062,1.5421419753086307
2.19,0.12801604444444442,0.16129106666666665,0.12361283950617502,1.600200555555555,2.016138333333333,1.5451604938271801
2.2,0.1296413283950617,0.16252839506172842,0.12385135802469305,1.620516604938271,2.0316049382716055,1.5481419753086811
2.21,0.1312790093333333,0.1637680938271605,0.12408691358024859,1.6409876166666664,2.0471011728395068,1.5510864197531005
2.22,0.13292911066666666,0.1650101333333334,0.12431950617283749,1.661613883333333,2.0626266666666675,1.5539938271604603
2.23,0.13459165550617283,0.16625448395061726,0.12454913580246668,1.6823956938271603,2.078181049382716,1.5568641975308273
2.24,0.13626666666666665,0.16750111604938273,0.12477580246913755,1.703333333333333,2.093763950617284,1.5596975308642014
2.25,0.13795416666666666,0.16875,0.12499950617284039,1.7244270833333328,2.109375,1.562493827160516
2.2600000000000002,0.13965417772839506,0.17000110617283953,0.12522024691358075,1.7456772216049379,2.1250138271604944,1.5652530864197711
2.27,0.1413667217777778,0.17125440493827163,0.12543802469135862,1.767084022222222,2.1406800617283954,1.567975308641989
2.2800000000000002,0.14309182044444443,0.1725098666666667,0.12565283950617123,1.7886477555555553,2.156373333333334,1.5706604938271473
2.29,0.1448294950617284,0.17376746172839505,0.12586469135802414,1.8103686882716048,2.1720932716049384,1.5733086419752906
2.3000000000000003,0.1465797666666667,0.1750271604938272,0.12607358024691317,1.8322470833333333,2.18783950617284,1.5759197530864189
2.31,0.14834265600000002,0.17628893333333331,0.12627950617283695,1.8542831999999998,2.2036116666666667,1.5784938271604654
2.32,0.15011818350617287,0.17755275061728393,0.1264824691358038,1.8764772938271603,2.2194093827160493,1.5810308641975412
2.33,0.15190636933333335,0.1788185827160494,0.12668246913580122,1.8988296166666663,2.2352322839506176,1.5835308641975132
2.34,0.15370723333333336,0.18008639999999995,0.12687950617283894,1.9213404166666663,2.2510799999999995,1.58599382716047
2.35,0.15552079506172842,0.18135617283950617,0.12707358024691418,1.9440099382716045,2.266952160493827,1.5884197530864341
2.36,0.1573470737777778,0.18262787160493824,0.12726469135802693,1.966838422222222,2.282848395061728,1.5908086419753387
2.37,0.15918608844444446,0.1839014666666667,0.12745283950617442,1.989826105555555,2.2987683333333337,1.5931604938271837
2.38,0.16103785772839507,0.18517692839506172,0.12763802469135666,2.012973221604938,2.314711604938272,1.5954753086419693
2.39,0.1629024,0.18645422716049384,0.12782024691357918,2.0362799999999996,2.330677839506173,1.5977530864197398
2.4,0.16477973333333334,0.1877333333333333,0.12799950617284062,2.0597466666666664,2.3466666666666667,1.5999938271605174
2.41,0.16666987550617285,0.18901421728395065,0.1281758024691354,2.08337344382716,2.3626777160493835,1.602197530864169
2.42,0.16857284400000003,0.19029684938271602,0.1283491358024691,2.1071605499999997,2.37871061728395,1.6043641975308498
2.43,0.17048865600000004,0.19158120000000003,0.1285195061728417,2.1311081999999995,2.3947650000000005,1.6064938271605378
2.44,0.17241732839506177,0.19286723950617285,0.12868691358024487,2.1552166049382713,2.410840493827161,1.6085864197530553
2.45,0.17435887777777784,0.19415493827160493,0.1288513580246911,2.1794859722222215,2.4269367283950616,1.6106419753086243
2.46,0.17631332044444448,0.19544426666666667,0.12901283950617348,2.2039165055555547,2.4430533333333333,1.6126604938271782
2.47,0.17828067239506176,0.1967351950617284,0.1291713580246892,2.228508404938271,2.459189938271605,1.6146419753086283
2.48,0.18026094933333336,0.19802769382716046,0.12932691358024662,2.2532618666666657,2.475346172839506,1.6165864197530855
2.49,0.18225416666666672,0.19932173333333333,0.12947950617284154,2.2781770833333326,2.491521666666667,1.6184938271605276
2.5,0.18426033950617288,0.2006172839506173,0.12962913580246843,2.3032542438271597,2.5077160493827164,1.6203641975308658
2.5100000000000002,0.18627948266666672,0.2019143160493827,0.12977580246913284,2.3284935333333325,2.523928950617284,1.6221975308641667
2.52,0.1883116106666667,0.20321279999999994,0.1299195061728431,2.3538951333333324,2.5401599999999998,1.6239938271605192
2.5300000000000002,0.1903567377283951,0.20451270617283956,0.1300602469135853,2.3794592216049373,2.5564088271604946,1.62575308641979
2.54,0.19241487777777783,0.20581400493827165,0.1301980246913581,2.4051859722222213,2.5726750617283956,1.627475308641979
2.5500000000000003,0.1944860444444445,0.20711666666666673,0.13033283950617397,2.4310755555555548,2.588958333333334,1.6291604938271975
2.56,0.19657025106172846,0.20842066172839513,0.13046469135801764,2.457128138271604,2.6052582716049395,1.6308086419752232
2.57,0.19866751066666674,0.20972596049382708,0.13059358024690992,2.4833438833333323,2.6215745061728386,1.632419753086367
2.58,0.20077783600000007,0.21103253333333333,0.1307195061728439,2.509722949999999,2.637906666666667,1.6339938271605625
2.59,0.20290123950617292,0.21234035061728396,0.13084246913580289,2.53626549382716,2.65425438271605,1.635530864197543
2.6,0.20503773333333342,0.21364938271604939,0.13096246913580217,2.562971666666666,2.6706172839506177,1.6370308641975306
2.61,0.20718732933333342,0.2149596,0.13107950617283898,2.5898416166666665,2.6869950000000005,1.638493827160481
2.62,0.2093500390617285,0.21627097283950616,0.1311935802469133,2.6168754882716048,2.7033871604938273,1.6399197530864162
2.63,0.21152587377777787,0.21758347160493827,0.13130469135802514,2.644073422222222,2.719793395061729,1.6413086419753142
2.64,0.21371484444444455,0.21889706666666667,0.1314128395061731,2.6714355555555556,2.7362133333333336,1.6426604938271527
2.65,0.21591696172839517,0.22021172839506173,0.13151802469135998,2.698962021604938,2.752646604938272,1.6439753086419984
2.66,0.21813223600000012,0.22152742716049387,0.13162024691357882,2.72665295,2.7690928395061736,1.64525308641974
2.67,0.22036067733333345,0.2228441333333333,0.13171950617283518,2.754508466666667,2.7855516666666666,1.6464938271604446
2.68,0.22260229550617294,0.22416181728395057,0.131815802469136,2.7825286938271607,2.8020227160493825,1.6476975308641784
2.69,0.2248571000000001,0.22548044938271602,0.13190913580247154,2.8107137500000006,2.81850561728395,1.648864197530897
2.7,0.22712510000000008,0.2268,0.13199950617284184,2.83906375,2.8350000000000004,1.649993827160534
2.71,0.22940630439506182,0.22812043950617286,0.13208691358024688,2.867578804938272,2.851505493827161,1.6510864197530895
2.72,0.23170072177777787,0.22944173827160494,0.13217135802469082,2.8962590222222224,2.868021728395062,1.652141975308652
2.73,0.23400836044444454,0.23076386666666668,0.13225283950617367,2.925104505555556,2.884548333333334,1.653160493827155
2.74,0.23632922839506182,0.2320867950617284,0.13233135802468987,2.9541153549382715,2.9010849382716053,1.6541419753085984
2.75,0.23866333333333345,0.23341049382716048,0.13240691358024637,2.9832916666666667,2.917631172839506,1.6550864197530712
2.7600000000000002,0.24101068266666675,0.23473493333333334,0.13247950617284038,3.012633533333333,2.9341866666666667,1.6559938271605068
2.77,0.24337128350617293,0.23606008395061728,0.13254913580247052,3.04214104382716,2.950751049382716,1.6568641975308829
2.7800000000000002,0.24574514266666675,0.23738591604938275,0.13261580246913818,3.071814283333333,2.9673239506172844,1.6576975308642439
2.79,0.24813226666666677,0.23871240000000005,0.13267950617284058,3.101653333333333,2.983905000000001,1.6584938271605232
2.8000000000000003,0.25053266172839517,0.24003950617283956,0.13274024691357772,3.131658271604938,3.000493827160495,1.6592530864197208
2.81,0.25294633377777787,0.2413672049382716,0.13279802469135377,3.161829172222222,3.0170900617283953,1.6599753086419256
2.82,0.2553732884444445,0.24269546666666664,0.13285283950617427,3.1921661055555552,3.0336933333333334,1.6606604938271818
2.83,0.2578135310617285,0.2440242617283951,0.13290469135802396,3.2226691382716046,3.050303271604939,1.6613086419752898
2.84,0.26026706666666677,0.24535356049382712,0.13295358024691395,3.253338333333333,3.066919506172839,1.661919753086405
2.85,0.2627339000000001,0.24668333333333337,0.13299950617284284,3.28417375,3.083541666666667,1.6624938271605272
2.86,0.26521403550617295,0.24801355061728397,0.13304246913579953,3.3151754438271603,3.1001693827160497,1.6630308641975011
2.87,0.26770747733333344,0.24934418271604936,0.13308246913580346,3.3463434666666667,3.116802283950617,1.6635308641975488
2.88,0.27021422933333344,0.25067520000000004,0.13311950617284352,3.3776778666666667,3.1334400000000007,1.663993827160537
2.89,0.2727342950617285,0.2520065728395062,0.13315358024691137,3.409178688271605,3.150082160493828,1.664419753086377
2.9,0.2752676777777779,0.25333827160493827,0.1331846913580237,3.440845972222222,3.166728395061728,1.6648086419753128
2.91,0.27781438044444456,0.2546702666666667,0.13321283950617213,3.4726797555555557,3.183378333333334,1.6651604938271447
2.92,0.28037440572839517,0.2560025283950617,0.13323802469135948,3.504680071604938,3.200031604938271,1.6654753086419616
2.93,0.2829477560000001,0.2573350271604939,0.13326024691358018,3.5368469499999997,3.2166878395061733,1.6657530864197634
2.94,0.28553443333333345,0.2586677333333333,0.1332795061728398,3.5691804166666663,3.2333466666666664,1.6659938271605057
2.95,0.28813443950617296,0.2600006172839507,0.1332958024691383,3.60168049382716,3.2500077160493834,1.666197530864233
2.96,0.2907477760000001,0.2613336493827161,0.1333091358024674,3.6343471999999997,3.266670617283951,1.6663641975308563
2.97,0.2933744440000001,0.26266680000000003,0.1333195061728354,3.66718055,3.2833350000000006,1.6664938271604424
2.98,0.29601444439506186,0.2640000395061728,0.13332691358024507,3.7001805549382714,3.30000049382716,1.66658641975308
2.99,0.2986677777777779,0.26533333827160493,0.13333135802469365,3.7333472222222217,3.316666728395062,1.6666419753086803
3.0,0.30133444444444457,0.26666666666666666,0.13333283950617558,3.766680555555555,3.3333333333333335,1.6666604938271767
3.0100000000000002,0.30401444439506187,0.26799999506172845,0.13333135802469087,3.800180554938271,3.3499999382716057,1.666641975308636
3.02,0.3067077773333335,0.2693332938271605,0.1333269135802423,3.8338472166666664,3.366666172839506,1.6665864197530356
3.0300000000000002,0.3094144426666668,0.2706665333333333,0.13331950617284372,3.867680533333333,3.3833316666666664,1.6664938271605534
3.04,0.312134439506173,0.27199968395061735,0.13330913580247294,3.90168049382716,3.3999960493827173,1.666364197530923
3.0500000000000003,0.31486776666666677,0.27333271604938275,0.13329580246912998,3.9358470833333326,3.416658950617285,1.666197530864122
3.06,0.3176144226666668,0.27466559999999995,0.1332795061728398,3.9701802833333324,3.4333199999999997,1.6659938271604835
3.0700000000000003,0.32037440572839515,0.27599830617283955,0.13326024691358296,4.0046800716049376,3.4499788271604945,1.6657530864197856
3.08,0.3231477137777779,0.2773308049382716,0.13323802469135393,4.039346422222222,3.4666350617283954,1.6654753086419172
3.09,0.3259343444444446,0.2786630666666666,0.1332128395061749,4.074179305555555,3.483288333333333,1.665160493827167
3.1,0.32873429506172847,0.2799950617283951,0.1331846913580237,4.109178688271604,3.4999382716049388,1.6648086419753128
3.11,0.33154756266666674,0.2813267604938271,0.13315358024691415,4.144344533333332,3.516584506172839,1.6644197530864435
3.12,0.3343741440000001,0.2826581333333334,0.13311950617284074,4.179676799999999,3.5332266666666676,1.6639938271604926
3.13,0.3372140355061729,0.2839891506172839,0.13308246913580069,4.21517544382716,3.549864382716049,1.6635308641975044
3.14,0.3400672333333334,0.2853197827160494,0.1330424691358023,4.250840416666667,3.5664972839506177,1.6630308641975455
3.15,0.34293373333333343,0.28664999999999996,0.13299950617284007,4.286671666666666,3.583125,1.662493827160505
3.16,0.34581353106172846,0.2879797728395062,0.13295358024691395,4.322669138271605,3.599747160493828,1.661919753086405
3.17,0.3487066217777779,0.28930907160493824,0.13290469135802674,4.358832772222222,3.616363395061728,1.6613086419753342
3.18,0.35161300044444455,0.29063786666666674,0.13285283950617566,4.395162505555556,3.6329733333333345,1.6606604938271818
3.19,0.35453266172839515,0.29196612839506175,0.13279802469135515,4.431658271604938,3.6495766049382716,1.6599753086419256
3.2,0.3574656000000001,0.29329382716049385,0.1327402469135791,4.468319999999999,3.666172839506173,1.6592530864197652
3.21,0.36041180933333344,0.29462093333333333,0.1326795061728392,4.505147616666666,3.682761666666667,1.658493827160501
3.22,0.3633712835061729,0.29594741728395063,0.1326158024691354,4.5421410438271606,3.699342716049383,1.6576975308641995
3.23,0.3663440160000001,0.29727324938271604,0.13254913580246497,4.5793002,3.715915617283951,1.6568641975308385
3.24,0.36933000000000016,0.29859839999999993,0.132479506172839,4.616625,3.73248,1.6559938271604846
3.25,0.3723292283950619,0.2999228395061728,0.13240691358024914,4.654115354938271,3.7490354938271606,1.6550864197530935
3.2600000000000002,0.37534169377777793,0.3012465382716049,0.13233135802468987,4.6917711722222215,3.7655817283950617,1.6541419753086206
3.27,0.3783673884444446,0.3025694666666666,0.13225283950617783,4.729592355555555,3.782118333333333,1.6531604938272437
3.2800000000000002,0.3814063043950619,0.30389159506172847,0.1321713580246936,4.767578804938271,3.7986449382716065,1.652141975308652
3.29,0.3844584333333335,0.3052128938271605,0.1320869135802455,4.805730416666666,3.815161172839506,1.651086419753045
3.3000000000000003,0.3875237666666669,0.3065333333333334,0.1319995061728363,4.844047083333333,3.8316666666666674,1.6499938271604675
3.31,0.39060229550617304,0.3078528839506172,0.131909135802466,4.88252869382716,3.8481610493827154,1.6488641975308083
3.3200000000000003,0.3936940106666668,0.3091715160493827,0.13181580246914293,4.921175133333333,3.8646439506172836,1.6476975308642894
3.33,0.39679890266666684,0.3104892000000001,0.13171950617284212,4.959986283333333,3.881115000000001,1.6464938271605334
3.34,0.39991696172839525,0.31180590617283954,0.13162024691357466,4.998962021604938,3.8975738271604943,1.6452530864196735
3.35,0.403048177777778,0.31312160493827157,0.13151802469135443,5.038102222222222,3.9140200617283947,1.643975308641954
3.36,0.4061925404444447,0.31443626666666663,0.1314128395061731,5.077406755555556,3.9304533333333334,1.642660493827175
3.37,0.4093500390617286,0.31574986172839503,0.13130469135802791,5.116875488271605,3.946873271604938,1.6413086419753586
3.38,0.41252066266666687,0.3170623604938272,0.13119358024691885,5.156508283333332,3.9632795061728405,1.639919753086505
3.39,0.4157044000000002,0.3183737333333334,0.13107950617283481,5.196305,3.9796716666666683,1.6384938271604144
3.4,0.41890123950617303,0.3196839506172839,0.13096246913580079,5.23626549382716,3.996049382716049,1.6370308641974862
3.41,0.42211116933333354,0.3209929827160494,0.13084246913580566,5.276389616666667,4.012412283950618,1.6355308641975652
3.42,0.4253341773333335,0.3223008,0.13071950617283556,5.316677216666667,4.02876,1.6339938271604737
3.43,0.4285702510617286,0.32360737283950614,0.13059358024690992,5.357128138271605,4.0450921604938275,1.632419753086367
3.44,0.4318193777777779,0.3249126716049382,0.13046469135802596,5.397742222222222,4.0614083950617275,1.630808641975312
3.45,0.4350815444444446,0.32621666666666665,0.13033283950617536,5.438519305555555,4.077708333333334,1.6291604938271753
3.46,0.43835673772839523,0.3275193283950617,0.1301980246913581,5.479459221604939,4.093991604938271,1.6274753086419569
3.47,0.44164494400000015,0.3288206271604938,0.13006024691357976,5.5205618,4.110257839506173,1.62575308641979
3.48,0.44494614933333354,0.3301205333333333,0.12991950617284032,5.561826866666666,4.126506666666667,1.623993827160497
3.49,0.448260339506173,0.3314190172839506,0.12977580246913978,5.603254243827161,4.142737716049383,1.6221975308642111
3.5,0.4515875000000002,0.3327160493827161,0.12962913580247815,5.64484375,4.158950617283951,1.6203641975309768
3.5100000000000002,0.45492761600000026,0.3340116000000002,0.12947950617283321,5.6865952,4.175145000000002,1.6184938271604388
3.52,0.458280672395062,0.33530563950617276,0.1293269135802383,5.728508404938272,4.19132049382716,1.6165864197529967
3.5300000000000002,0.461646653777778,0.33659813827160495,0.1291713580246906,5.770583172222222,4.207476728395062,1.6146419753086505
3.54,0.4650255444444447,0.33788906666666657,0.12901283950617626,5.812819305555555,4.223613333333333,1.6126604938271782
3.5500000000000003,0.468417328395062,0.3391783950617285,0.1288513580246925,5.855216604938271,4.239729938271606,1.6106419753086243
3.56,0.47182198933333364,0.3404660938271604,0.12868691358024764,5.8977748666666665,4.255826172839505,1.6085864197531219
3.5700000000000003,0.475239510666667,0.34175213333333343,0.12851950617284447,5.940493883333333,4.271901666666668,1.6064938271605822
3.58,0.4786698755061732,0.3430364839506173,0.12834913580246632,5.98337344382716,4.287956049382717,1.6043641975308276
3.59,0.48211306666666703,0.34431911604938276,0.12817580246913818,6.026413333333332,4.303988950617285,1.6021975308642133
3.6,0.485569066666667,0.3456000000000001,0.12799950617284062,6.069613333333333,4.320000000000001,1.599993827160473
3.61,0.4890378577283954,0.34687910617283957,0.12782024691358196,6.112973221604938,4.335988827160494,1.5977530864197842
3.62,0.49251942177777813,0.3481564049382717,0.1276380246913511,6.156492772222222,4.351955061728397,1.5954753086419249
3.63,0.49601374044444485,0.3494318666666666,0.12745283950616748,6.200171755555555,4.367898333333333,1.593160493827117
3.64,0.4995207950617288,0.35070546172839506,0.12726469135802831,6.244009938271604,4.383818271604939,1.5908086419753609
3.65,0.5030405666666671,0.35197716049382716,0.12707358024690862,6.288007083333333,4.39971450617284,1.5884197530863453
3.66,0.5065730360000004,0.35324693333333324,0.12687950617284172,6.332162949999998,4.415586666666666,1.5859938271605145
3.67,0.5101181835061732,0.354514750617284,0.1266824691358026,6.3764772938271586,4.43143438271605,1.5835308641975132
3.68,0.5136759893333337,0.3557805827160493,0.12648246913579686,6.420949866666665,4.447257283950616,1.5810308641974746
3.69,0.5172464333333336,0.35704439999999993,0.12627950617284667,6.465580416666666,4.463055,1.5784938271605764
3.7,0.5208294950617287,0.3583061728395062,0.12607358024691595,6.510368688271604,4.478827160493828,1.5759197530864189
3.71,0.5244251537777781,0.35956587160493825,0.12586469135802414,6.555314422222221,4.494573395061728,1.5733086419753128
3.72,0.5280333884444448,0.3608234666666667,0.12565283950617123,6.600417355555554,4.510293333333334,1.5706604938271695
3.73,0.5316541777283954,0.36207892839506167,0.12543802469135445,6.645677221604936,4.5259866049382715,1.5679753086419446
3.74,0.5352875000000004,0.3633322271604938,0.12522024691358213,6.691093749999998,4.541652839506173,1.5652530864197711
3.75,0.5389333333333337,0.3645833333333333,0.12499950617284317,6.736666666666665,4.557291666666667,1.562493827160516
3.7600000000000002,0.5425916555061732,0.36583221728395066,0.12477580246913755,6.782395693827158,4.572902716049383,1.5596975308641792
3.77,0.5462624440000003,0.36707884938271607,0.12454913580246807,6.828280549999997,4.5884856172839505,1.5568641975308495
3.7800000000000002,0.5499456760000003,0.3683232,0.12431950617284027,6.874320949999998,4.60404,1.553993827160527
3.79,0.5536413283950621,0.36956523950617287,0.12408691358024859,6.920516604938269,4.619565493827161,1.5510864197531227
3.8000000000000003,0.5573493777777782,0.370804938271605,0.12385135802469027,6.96686722222222,4.635061728395063,1.5481419753086367
3.81,0.5610698004444448,0.3720422666666667,0.12361283950617086,7.013372505555553,4.650528333333334,1.5451604938271135
3.8200000000000003,0.564802572395062,0.3732771950617284,0.12337135802469312,7.06003215493827,4.665964938271605,1.5421419753086418
3.83,0.5685476693333336,0.37450969382716054,0.12312691358024597,7.1068458666666645,4.681371172839507,1.5390864197530885
3.84,0.5723050666666669,0.3757397333333333,0.12287950617283772,7.15381333333333,4.696746666666667,1.5359938271604978
3.85,0.5760747395061732,0.3769672839506173,0.1226291358024656,7.200934243827158,4.712091049382717,1.5328641975308255
3.86,0.579856662666667,0.37819231604938264,0.12237580246913515,7.24820828333333,4.727403950617283,1.5296975308641603
3.87,0.583650810666667,0.3794148,0.12211950617283807,7.295635133333331,4.742685,1.5264938271605022
3.88,0.5874571577283954,0.3806347061728394,0.12186024691357988,7.343214471604936,4.757933827160493,1.5232530864197624
3.89,0.5912756777777781,0.3818520049382716,0.12159802469136338,7.3909459722222195,4.773150061728395,1.5199753086420298
3.9,0.5951063444444448,0.38306666666666667,0.12133283950617746,7.4388293055555526,4.788333333333334,1.5166604938272155
3.91,0.5989491310617288,0.38427866172839514,0.12106469135802489,7.486864138271602,4.803483271604939,1.513308641975275
3.92,0.602804010666667,0.38548796049382716,0.120793580246914,7.535050133333331,4.8185995061728395,1.5099197530864306
3.93,0.6066709560000003,0.3866945333333334,0.12051950617283647,7.583386949999997,4.833681666666668,1.5064938271605044
3.94,0.6105499395061732,0.3878983506172839,0.12024246913579228,7.631874243827158,4.84872938271605,1.5030308641974077
3.95,0.6144409333333336,0.38909938271604927,0.11996246913580921,7.680511666666664,4.863742283950616,1.4995308641975846
3.96,0.6183439093333336,0.3902976000000001,0.11967950617285117,7.729298866666665,4.878720000000001,1.4959938271606354
3.97,0.6222588390617287,0.3914929728395063,0.1193935802469126,7.778235488271603,4.893662160493829,1.4924197530863825
3.98,0.626185693777778,0.39268547160493833,0.11910469135801571,7.82732117222222,4.908568395061729,1.4888086419752256
3.99,0.6301244444444447,0.3938750666666666,0.11881283950617161,7.876555555555553,4.923438333333333,1.4851604938271645
4.0,0.6340750617283953,0.39506172839506176,0.11851802469136363,7.925938271604935,4.938271604938272,1.4814753086420218
4.01,0.6380375160000002,0.3962454271604939,0.11822024691358068,7.975468949999997,4.953067839506174,1.477753086419753
4.0200000000000005,0.6420117773333337,0.3974261333333334,0.11791950617284219,8.025147216666664,4.967826666666667,1.4739938271605357
4.03,0.6459978155061732,0.3986038172839507,0.1176158024691315,8.074972693827158,4.9825477160493845,1.470197530864148
4.04,0.6499956000000005,0.399778449382716,0.11730913580245972,8.124944999999999,4.99723061728395,1.466364197530723
4.05,0.6540051000000004,0.4009499999999999,0.11699950617284349,8.175063749999998,5.011874999999999,1.4624938271605714
4.0600000000000005,0.658026284395062,0.4021184395061729,0.1166869135802523,8.22532855493827,5.026480493827162,1.4585864197531606
4.07,0.6620591217777781,0.40328373827160496,0.11637135802469167,8.27573902222222,5.041046728395062,1.4546419753086237
4.08,0.6661035804444448,0.4044458666666667,0.11605283950616996,8.326294755555553,5.055573333333334,1.4506604938271384
4.09,0.6701596283950622,0.40560479506172836,0.11573135802468715,8.37699535493827,5.070059938271605,1.4466419753085713
4.1,0.6742272333333338,0.40676049382716045,0.1154069135802488,8.427840416666665,5.084506172839506,1.4425864197531002
4.11,0.6783063626666672,0.40791293333333334,0.11507950617284657,8.478829533333332,5.098911666666667,1.4384938271605918
4.12,0.6823969835061733,0.4090620839506174,0.11474913580246937,8.52996229382716,5.113276049382717,1.4343641975308685
4.13,0.6864990626666672,0.4102079160493827,0.11441580246912553,8.581238283333333,5.127598950617284,1.4301975308640635
4.14,0.6906125666666673,0.4113503999999999,0.11407950617284002,8.632657083333333,5.141879999999999,1.4259938271604877
4.15,0.6947374617283956,0.4124895061728395,0.11374024691358786,8.684218271604937,5.156118827160494,1.4217530864198746
4.16,0.6988737137777783,0.41362520493827165,0.11339802469134963,8.735921422222221,5.170315061728396,1.4174753086419134
4.17,0.703021288444445,0.4147574666666665,0.11305283950616973,8.787766105555555,5.184468333333332,1.4131604938270925
4.18,0.7071801510617288,0.41588626172839505,0.11270469135803152,8.839751888271605,5.198578271604938,1.4088086419753676
4.19,0.7113502666666672,0.41701156049382715,0.11235358024691555,8.891878333333333,5.21264450617284,1.4044197530864722
4.2,0.7155316000000005,0.41813333333333336,0.11199950617283572,8.944145,5.2266666666666675,1.3999938271604506
4.21,0.7197241155061734,0.41925155061728386,0.11164246913580034,8.99655144382716,5.240644382716049,1.395530864197525
4.22,0.7239277773333339,0.42036618271604936,0.11128246913581219,9.049097216666667,5.254577283950618,1.391030864197651
4.23,0.7281425493333339,0.4214772000000001,0.11091950617284074,9.101781866666666,5.268465000000002,1.3864938271604732
4.24,0.732368395061729,0.4225845728395062,0.1105535802469082,9.154604938271605,5.282307160493827,1.381919753086347
4.25,0.7366052777777784,0.42368827160493827,0.11018469135802844,9.207565972222223,5.296103395061729,1.377308641975361
4.26,0.7408531604444452,0.42478826666666675,0.10981283950617926,9.260664505555555,5.309853333333335,1.372660493827249
4.2700000000000005,0.7451120057283958,0.42588452839506186,0.1094380246913551,9.31390007160494,5.323556604938274,1.3679753086419666
4.28,0.7493817760000007,0.42697702716049385,0.10906024691356708,9.3672722,5.337212839506174,1.3632530864196024
4.29,0.7536624333333339,0.4280657333333332,0.10867950617284294,9.420780416666666,5.350821666666666,1.3584938271605118
4.3,0.7579539395061734,0.4291506172839507,0.10829580246914106,9.47442424382716,5.364382716049384,1.3536975308642507
4.3100000000000005,0.7622562560000006,0.430231649382716,0.10790913580246142,9.5282032,5.377895617283951,1.3488641975307747
4.32,0.7665693440000005,0.43130879999999994,0.1075195061728429,9.5821168,5.39136,1.3439938271605278
4.33,0.7708931643950622,0.4323820395061729,0.10712691358025217,9.63616455493827,5.404775493827161,1.3390864197531105
4.34,0.7752276777777783,0.433451338271605,0.10673135802468647,9.690345972222222,5.418141728395062,1.3341419753086114
4.3500000000000005,0.779572844444445,0.4345166666666666,0.10633283950617078,9.744660555555555,5.4314583333333335,1.329160493827164
4.36,0.7839286243950623,0.4355779950617284,0.10593135802470233,9.799107804938272,5.444724938271605,1.3241419753087236
4.37,0.788294977333334,0.43663529382716065,0.10552691358024502,9.853687216666666,5.457941172839508,1.3190864197530683
4.38,0.7926718626666673,0.4376885333333333,0.10511950617282939,9.908398283333332,5.471106666666667,1.3139938271604201
4.39,0.7970592395061735,0.43873768395061724,0.10470913580247487,9.96324049382716,5.484221049382716,1.3088641975309567
4.4,0.8014570666666673,0.4397827160493828,0.10429580246913428,10.018213333333334,5.497283950617286,1.3036975308641452
4.41,0.8058653026666673,0.4408235999999999,0.10387950617283537,10.073316283333334,5.510294999999999,1.2984938271604296
4.42,0.8102839057283957,0.4418603061728395,0.10346024691358091,10.128548821604939,5.523253827160494,1.2932530864197656
4.43,0.8147128337777784,0.44289280493827154,0.10303802469136536,10.183910422222223,5.536160061728395,1.2879753086420642
4.44,0.819152044444445,0.4439210666666668,0.10261283950617484,10.239400555555557,5.549013333333336,1.2826604938271924
4.45,0.8236014950617289,0.44494506172839504,0.10218469135801489,10.295018688271607,5.561813271604938,1.2773086419751944
4.46,0.8280611426666671,0.4459647604938271,0.1017535802469105,10.350764283333335,5.5745595061728395,1.2719197530863813
4.47,0.8325309440000004,0.44698013333333325,0.10131950617284224,10.406636800000001,5.587251666666666,1.2664938271604864
4.48,0.8370108555061733,0.44799115061728395,0.10088246913580734,10.462635693827163,5.599889382716049,1.2610308641975543
4.49,0.8415008333333337,0.4489977827160494,0.10044246913580301,10.51876041666667,5.612472283950617,1.2555308641975405
4.5,0.8460008333333338,0.45,0.0999995061728376,10.57501041666667,5.625,1.2499938271604893
4.51,0.8505108110617288,0.45099777283950615,0.09955358024691663,10.631385138271607,5.637472160493827,1.2444197530864898
4.5200000000000005,0.8550307217777782,0.45199107160493834,0.09910469135802624,10.687884022222224,5.64988839506173,1.238808641975364
4.53,0.8595605204444448,0.4529798666666667,0.09865283950617199,10.744506505555558,5.662248333333334,1.2331604938271568
4.54,0.8641001617283953,0.4539641283950618,0.09819802469135941,10.80125202160494,5.674551604938273,1.2274753086419565
4.55,0.8686496000000002,0.45494382716049386,0.09774024691358019,10.858120000000001,5.686797839506173,1.2217530864197634
4.5600000000000005,0.8732087893333337,0.4559189333333334,0.09727950617283987,10.915109866666668,5.698986666666668,1.2159938271604886
4.57,0.8777776835061731,0.45688941728395066,0.0968158024691329,10.972221043827162,5.711117716049383,1.2101975308641322
4.58,0.8823562360000002,0.45785524938271605,0.09634913580246762,11.029452950000003,5.723190617283951,1.2043641975308716
4.59,0.8869444000000003,0.4588164,0.09587950617284402,11.086805000000002,5.7352050000000006,1.1984938271605294
4.6000000000000005,0.891542128395062,0.4597728395061729,0.09540691358025377,11.144276604938273,5.747160493827161,1.19258641975315
4.61,0.896149373777778,0.4607245382716051,0.094931358024683,11.201867172222224,5.7590567283950636,1.1866419753085555
4.62,0.9007660884444448,0.4616714666666666,0.09445283950616501,11.259576105555556,5.7708933333333325,1.1806604938271015
4.63,0.9053922243950621,0.4626135950617284,0.09397135802469148,11.317402804938272,5.782669938271606,1.1746419753086546
4.64,0.9100277333333336,0.4635508938271604,0.0934869135802513,11.375346666666667,5.794386172839506,1.168586419753126
4.65,0.914672566666667,0.4644833333333334,0.09299950617284447,11.433407083333334,5.806041666666668,1.16249382716056
4.66,0.9193266755061731,0.4654108839506173,0.09250913580246545,11.491583443827162,5.817636049382717,1.1563641975308236
4.67,0.923990010666667,0.4663335160493827,0.0920158024691281,11.549875133333336,5.829168950617285,1.1501975308640944
4.68,0.928662522666667,0.46725119999999987,0.09151950617284355,11.608281533333335,5.840639999999999,1.1439938271605499
4.69,0.9333441617283954,0.4681639061728396,0.09102024691358679,11.666802021604937,5.852048827160496,1.1377530864198349
4.7,0.9380348777777782,0.4690716049382716,0.09051802469135228,11.725435972222222,5.863395061728395,1.131475308641905
4.71,0.9427346204444449,0.46997426666666664,0.09001283950617334,11.784182755555555,5.874678333333334,1.1251604938271598
4.72,0.9474433390617288,0.47087186172839507,0.08950469135803052,11.843041738271605,5.885898271604939,1.1188086419753773
4.73,0.952160982666667,0.47176436049382725,0.08899358024691828,11.902012283333333,5.897054506172841,1.1124197530864688
4.74,0.9568875000000004,0.47265173333333343,0.08847950617282829,11.96109375,5.908146666666668,1.1059938271603453
4.75,0.9616228395061732,0.4735339506172838,0.08796246913579941,12.02028549382716,5.919174382716048,1.0995308641974955
4.76,0.9663669493333338,0.4744109827160494,0.08744246913580667,12.079586866666666,5.930137283950618,1.0930308641976083
4.7700000000000005,0.9711197773333338,0.47528279999999995,0.08691950617283895,12.138997216666667,5.941035,1.0864938271605062
4.78,0.9758812710617288,0.4761493728395062,0.0863935802469129,12.198515888271604,5.951867160493828,1.0799197530864113
4.79,0.9806513777777782,0.4770106716049382,0.08586469135802022,12.25814222222222,5.9626333950617285,1.0733086419752347
4.8,0.9854300444444449,0.4778666666666666,0.08533283950618309,12.317875555555554,5.973333333333333,1.0666604938272428
4.8100000000000005,0.9902172177283955,0.47871732839506187,0.08479802469136544,12.377715221604937,5.983966604938273,1.0599753086420804
4.82,0.9950128440000005,0.4795626271604939,0.08426024691357004,12.437660549999999,5.994532839506174,1.0532530864196588
4.83,0.9998168693333338,0.48040253333333327,0.0837195061728302,12.497710866666665,6.0050316666666665,1.0464938271603774
4.84,1.0046292395061733,0.4812370172839505,0.08317580246914313,12.557865493827158,6.015462716049382,1.0396975308642808
4.8500000000000005,1.0094499000000003,0.48206604938271613,0.0826291358024811,12.618123749999997,6.025825617283952,1.0328641975310138
4.86,1.0142787960000004,0.48288960000000014,0.08207950617283022,12.678484949999998,6.036120000000002,1.0259938271603986
4.87,1.0191158723950622,0.48370763950617274,0.08152691358024045,12.73894840493827,6.04634549382716,1.0190864197530125
4.88,1.0239610737777782,0.48452013827160495,0.0809713580246979,12.799513422222219,6.056501728395062,1.012141975308678
4.89,1.0288143444444449,0.4853270666666667,0.08041283950616374,12.860179305555553,6.066588333333334,1.0051604938270398
4.9,1.0336756283950623,0.4861283950617282,0.07985135802468235,12.920945354938269,6.076604938271603,0.9981419753085419
4.91,1.0385448693333337,0.48692409382716034,0.0792869135802593,12.981810866666665,6.0865511728395045,0.9910864197532288
4.92,1.043422010666667,0.4877141333333334,0.07871950617284185,13.042775133333333,6.096426666666668,0.9839938271605231
4.93,1.0483069955061732,0.4884984839506172,0.07814913580246607,13.10383744382716,6.106231049382715,0.9768641975308245
4.94,1.053199766666667,0.48927711604938273,0.07757580246914586,13.164997083333333,6.115963950617284,0.9696975308643108
4.95,1.058100266666667,0.4900500000000001,0.07699950617283124,13.226253333333332,6.125625000000001,0.9624938271604044
4.96,1.0630084377283955,0.49081710617283936,0.07642024691356941,13.287605471604936,6.135213827160492,0.9552530864196385
4.97,1.067924221777778,0.4915784049382715,0.07583802469135759,13.349052772222219,6.144730061728394,0.9479753086419684
4.98,1.0728475604444447,0.4923338666666665,0.07525283950617634,13.410594505555553,6.154173333333332,0.9406604938272167
4.99,1.0777783950617288,0.493083461728395,0.07466469135802845,13.472229938271603,6.163543271604938,0.9333086419753833
5.0,1.082716666666667,0.4938271604938271,0.07407358024692223,13.53395833333333,6.172839506172839,0.9259197530865126
5.01,1.0876623160000003,0.49456493333333346,0.07347950617283827,13.595778949999996,6.182061666666669,0.9184938271604715
5.0200000000000005,1.092615283506173,0.49529675061728384,0.07288246913580154,13.657691043827159,6.191209382716049,0.9110308641975262
5.03,1.0975755093333337,0.4960225827160495,0.07228246913580094,13.719693866666665,6.200282283950619,0.9035308641974993
5.04,1.1025429333333336,0.49674239999999986,0.07167950617283925,13.781786666666665,6.209279999999999,0.8959938271604795
5.05,1.1075174950617288,0.49745617283950627,0.07107358024693311,13.843968688271602,6.218202160493829,0.8884197530866444
5.0600000000000005,1.112499133777778,0.4981638716049385,0.07046469135801314,13.90623917222222,6.227048395061732,0.8808086419751504
5.07,1.117487788444445,0.49886546666666653,0.06985283950616816,13.968597355555554,6.235818333333332,0.8731604938271076
5.08,1.1224833977283954,0.4995609283950619,0.06923802469136486,14.031042471604936,6.244511604938274,0.8654753086420719
5.09,1.1274859000000004,0.5002502271604938,0.06862024691357826,14.093573749999996,6.253127839506173,0.8577530864196881
5.1000000000000005,1.1324952333333338,0.5009333333333335,0.06799950617285,14.156190416666664,6.261666666666668,0.8499938271606666
5.11,1.1375113355061732,0.5016102172839508,0.06737580246913843,14.218891693827157,6.2701277160493865,0.842197530864297
5.12,1.1425341440000005,0.5022808493827162,0.06674913580245745,14.281676799999996,6.2785106172839535,0.8343641975307126
5.13,1.1475635960000004,0.5029452,0.0661195061728237,14.344544949999996,6.286815000000001,0.8264938271602684
5.14,1.1525996283950621,0.5036032395061727,0.06548691358025938,14.407495354938266,6.295040493827159,0.8185864197531867
5.15,1.1576421777777781,0.5042549382716052,0.06485135802469788,14.470527222222218,6.303186728395064,0.8106419753087124
5.16,1.1626911804444449,0.5049002666666667,0.06421283950615586,14.533639755555551,6.311253333333333,0.8026604938270232
5.17,1.1677465723950622,0.5055391950617283,0.06357135802469993,14.596832154938266,6.319239938271605,0.7946419753087408
5.18,1.1728082893333338,0.5061716938271607,0.06292691358024682,14.66010361666666,6.327146172839508,0.7865864197530659
5.19,1.177876266666667,0.5067977333333332,0.062279506172829846,14.723453333333328,6.334971666666666,0.7784938271603536
5.2,1.1829504395061732,0.5074172839506172,0.0616291358024712,14.786880493827155,6.342716049382715,0.7703641975308706
5.21,1.188030742666667,0.5080303160493826,0.06097580246914314,14.850384283333328,6.350378950617284,0.7621975308643503
5.22,1.1931171106666671,0.5086368000000001,0.0603195061728401,14.913963883333329,6.357960000000002,0.7539938271605262
5.23,1.1982094777283956,0.5092367061728394,0.05966024691357319,14.977618471604933,6.365458827160494,0.7457530864196649
5.24,1.203307777777778,0.5098300049382716,0.05899802469135906,15.041347222222216,6.372875061728395,0.7374753086419883
5.25,1.2084119444444448,0.5104166666666666,0.05833283950618107,15.10514930555555,6.380208333333334,0.72916049382723
5.26,1.2135219110617288,0.5109966617283952,0.057664691358022546,15.169023888271598,6.38745827160494,0.7208086419752568
5.2700000000000005,1.2186376106666672,0.5115699604938271,0.056993580246905706,15.232970133333327,6.394624506172839,0.7124197530863352
5.28,1.2237589760000005,0.5121365333333333,0.05631950617284165,15.296987199999995,6.401706666666667,0.7039938271604651
5.29,1.2288859395061733,0.5126963506172839,0.05564246913580817,15.361074243827154,6.408704382716048,0.6955308641976021
5.3,1.234018433333334,0.5132493827160495,0.05496246913579972,15.425230416666661,6.415617283950619,0.6870308641975242
5.3100000000000005,1.239156389333334,0.5137955999999999,0.05427950617284405,15.48945486666666,6.422444999999999,0.6784938271605423
5.32,1.244299739061729,0.5143349728395064,0.05359358024691896,15.5537467382716,6.4291871604938295,0.6699197530864787
5.33,1.2494484137777784,0.5148674716049383,0.052904691358013345,15.618105172222217,6.435843395061728,0.6613086419752001
5.34,1.254602344444445,0.5153930666666666,0.052212839506166064,15.682529305555551,6.4424133333333335,0.6526604938271507
5.3500000000000005,1.2597614617283956,0.5159117283950616,0.05151802469134936,15.747018271604935,6.448896604938271,0.643975308641842
5.36,1.2649256960000006,0.5164234271604936,0.05082024691357989,15.811571199999996,6.45529283950617,0.6352530864196737
5.37,1.2700949773333339,0.5169281333333332,0.05011950617284655,15.876187216666663,6.461601666666665,0.6264938271606013
5.38,1.2752692355061734,0.5174258172839505,0.049415802469132686,15.940865443827157,6.467822716049382,0.6176975308641808
5.39,1.2804484000000005,0.5179164493827159,0.048709135802471604,16.005604999999996,6.4739556172839485,0.6088641975309006
5.4,1.2856324000000006,0.5184,0.04799950617284665,16.070404999999997,6.48,0.5999938271605831
5.41,1.2908211643950624,0.5188764395061728,0.04728691358025228,16.135264554938267,6.48595549382716,0.5910864197531396
5.42,1.2960146217777786,0.519345738271605,0.04657135802469958,16.200182772222217,6.491821728395063,0.5821419753087032
5.43,1.3012127004444451,0.5198078666666668,0.045852839506160814,16.26515875555555,6.497598333333334,0.5731604938270518
5.44,1.3064153283950626,0.5202627950617282,0.04513135802468038,16.330191604938268,6.503284938271604,0.5641419753085852
5.45,1.3116224333333342,0.5207104938271604,0.04440691358025273,16.39528041666666,6.508881172839506,0.5550864197531258
5.46,1.3168339426666673,0.5211509333333333,0.04367950617284455,16.46042428333333,6.514386666666667,0.5459938271604958
5.47,1.3220497835061735,0.5215840839506173,0.042949135802472505,16.52562229382716,6.519801049382716,0.536864197530873
5.48,1.3272698826666673,0.5220099160493827,0.04221580246914214,16.59087353333333,6.525123950617284,0.5276975308642573
5.49,1.3324941666666672,0.5224284000000001,0.0414795061728368,16.65617708333333,6.530355000000001,0.5184938271604711
5.5,1.3377225617283954,0.5228395061728395,0.04074024691356204,16.721532021604936,6.535493827160494,0.5092530864195588
5.51,1.3429549937777783,0.5232432049382714,0.039998024691362266,16.786937422222216,6.540540061728392,0.4999753086420089
5.5200000000000005,1.348191388444445,0.5236394666666667,0.03925283950618197,16.85239235555555,6.545493333333334,0.4906604938272885
5.53,1.3534316710617291,0.524028261728395,0.0385046913580267,16.9178958882716,6.550353271604938,0.48130864197535317
5.54,1.3586757666666673,0.5244095604938273,0.03775358024691311,16.983447083333328,6.555119506172841,0.47191975308638057
5.55,1.3639236000000008,0.5247833333333333,0.03699950617283565,17.049044999999996,6.559791666666666,0.4624938271604595
5.5600000000000005,1.3691750955061737,0.525149550617284,0.03624246913580542,17.114688693827155,6.56436938271605,0.4530308641976344
5.57,1.3744301773333338,0.5255081827160494,0.03548246913580577,17.180377216666663,6.568852283950618,0.44353086419759435
5.58,1.3796887693333342,0.5258592000000001,0.0347195061728256,17.24610961666666,6.573240000000002,0.433993827160295
5.59,1.3849507950617292,0.5262025728395059,0.03395358024691486,17.3118849382716,6.577532160493824,0.42441975308640245
5.6000000000000005,1.3902161777777786,0.5265382716049384,0.033184691358045804,17.377702222222215,6.58172839506173,0.41480864197551703
5.61,1.3954848404444453,0.5268662666666668,0.03241283950616847,17.44356050555555,6.5858283333333345,0.40516049382710584
5.62,1.4007567057283958,0.5271865283950617,0.031638024691355016,17.509458821604934,6.589831604938272,0.39547530864201264
5.63,1.406031696000001,0.5274990271604939,0.030860246913583245,17.575396199999997,6.593737839506175,0.3857530864197489
5.64,1.4113097333333344,0.5278037333333334,0.03007950617283095,17.64137166666666,6.597546666666667,0.3759938271603591
5.65,1.4165907395061736,0.5281006172839505,0.029295802469131438,17.707384243827157,6.601257716049382,0.3661975308641985
5.66,1.421874636000001,0.528389649382716,0.02850913580248471,17.773432949999997,6.604870617283951,0.356364197531045
5.67,1.4271613440000008,0.5286708000000002,0.0277195061728297,17.839516799999995,6.608385000000003,0.3464938271604101
5.68,1.4324507843950625,0.5289440395061726,0.026926913580227474,17.905634804938266,6.611800493827159,0.3365864197528712
5.69,1.4377428777777785,0.5292093382716048,0.026131358024700235,17.971785972222218,6.61511672839506,0.32664197530873906
5.7,1.4430375444444454,0.5294666666666666,0.02533283950618137,18.03796930555555,6.618333333333334,0.3166604938272588
5.71,1.4483347043950627,0.5297159950617284,0.024531358024704186,18.104183804938266,6.621449938271605,0.30664197530874127
5.72,1.4536342773333342,0.5299572938271607,0.02372691358025203,18.17042846666666,6.624466172839509,0.29658641975309763
5.73,1.4589361826666676,0.5301905333333334,0.02291950617281935,18.236702283333326,6.627381666666667,0.2864938271602835
5.74,1.4642403395061738,0.5304156839506171,0.022109135802472757,18.303004243827154,6.630196049382715,0.276364197530965
5.75,1.4695466666666677,0.5306327160493829,0.021295802469156744,18.369333333333326,6.632908950617287,0.26619753086443154
5.76,1.4748550826666675,0.5308416000000002,0.02047950617283245,18.435688533333327,6.635520000000003,0.25599382716041674
5.7700000000000005,1.480165505728396,0.5310423061728395,0.019660246913577595,18.502068821604933,6.638028827160495,0.24575308641971993
5.78,1.4854778537777786,0.5312348049382718,0.018838024691358868,18.568473172222216,6.640435061728398,0.23547530864198585
5.79,1.4907920444444454,0.5314190666666667,0.018012839506159617,18.63490055555555,6.642738333333335,0.22516049382703685
5.8,1.4961079950617293,0.531595061728395,0.01718469135802425,18.701349938271598,6.644938271604938,0.21480864197531702
5.8100000000000005,1.5014256226666676,0.5317627604938272,0.016353580246919464,18.767820283333325,6.647034506172841,0.2044197530864711
5.82,1.5067448440000006,0.5319221333333334,0.015519506172839703,18.834310549999994,6.649026666666668,0.19399382716045466
5.83,1.5120655755061736,0.532073150617284,0.014682469135796072,18.900819693827156,6.65091438271605,0.18353086419744535
5.84,1.517387733333334,0.5322157827160493,0.013842469135799673,18.96734666666666,6.652697283950617,0.173030864197532
5.8500000000000005,1.5227112333333341,0.53235,0.012999506172850506,19.03389041666666,6.654375000000001,0.16249382716062577
5.86,1.5280359910617294,0.5324757728395063,0.012153580246909712,19.100449888271598,6.655947160493829,0.1519197530863714
5.87,1.5333619217777787,0.5325930716049382,0.01130469135801615,19.167024022222215,6.657413395061728,0.14130864197521298
5.88,1.5386889404444453,0.5327018666666666,0.010452839506175371,19.23361175555555,6.658773333333333,0.1306604938271505
5.89,1.5440169617283956,0.5328021283950617,0.00959802469136517,19.30021202160493,6.660026604938271,0.11997530864205075
5.9,1.5493459000000007,0.5328938271604939,0.008740246913585548,19.366823749999995,6.6611728395061744,0.1092530864198249
5.91,1.5546756693333341,0.5329769333333334,0.007879506172836503,19.433445866666663,6.662211666666668,0.09849382716047295
5.92,1.5600061835061738,0.5330514172839507,0.007015802469140242,19.500077293827157,6.663142716049384,0.08769753086426135
5.93,1.5653373560000008,0.5331172493827162,0.006149135802463457,19.566716949999996,6.663965617283953,0.07686419753079043
5.94,1.570669100000001,0.5331743999999999,0.005279506172828352,19.633363749999997,6.66468,0.06599382716032665
5.95,1.5760013283950627,0.5332228395061728,0.004406913580240479,19.70001660493827,6.6652854938271595,0.05508641975304762
5.96,1.5813339537777789,0.5332625382716047,0.0035313580246942866,19.76667442222222,6.665781728395061,0.04414197530868691
5.97,1.5866668884444455,0.5332934666666667,0.0026528395061786725,19.833336105555556,6.666168333333333,0.0331604938272001
5.98,1.5920000443950628,0.5333155950617283,0.0017713580246936367,19.90000055493827,6.666444938271605,0.02214197530867601
5.99,1.5973333333333344,0.5333288938271605,0.0013298765432212534,19.966666666666665,6.666611172839507,0.016623456790210156
