timestamp,x,angle,theta1,theta2,x_target,phi_target,pwm_x,pwm_phi
0.0,0.0,0.002135664363988305,0.0,0.0,1.6,20,0,0
0.047,0.0,0.0021355714123764253,-0.0013,0.0,1.6,20,0,-5
0.081,0.0,0.002135445291933149,0.0,0.0,1.6,20,0,-5
0.14500000000000002,0.0,0.002135290270062157,-0.0013,0.0,1.6,20,0,-5
0.198,0.0,0.0021351106141671303,0.0,0.0,1.6,20,0,-5
0.261,0.0,0.002134910591651749,-0.0013,0.0,1.6,20,0,-5
0.323,0.0,0.002134694469919695,-0.0025,0.0,1.6,20,0,-5
0.40299999999999997,0.0,0.002134466516374648,-0.0013,0.0,1.6,20,0,-5
0.48100000000000004,0.0,0.002134230998420289,0.0,0.0,1.6,20,0,-5
0.527,0.0,0.002133992183460299,0.0,0.0,1.6,20,1,-5
0.5640000000000001,0.0,0.0021337543388983585,0.0,0.0,1.6,20,1,-5
0.6030000000000001,0.0,0.0021335217321381485,0.0,-0.0007799999999999994,1.6,20,1,-4
0.664,0.0,0.002133298630583349,0.0013,-0.0007799999999999994,1.6,20,1,-4
0.7260000000000001,0.0,0.0021330893016376414,0.0026,-0.0007799999999999994,1.6,20,2,-4
0.79,0.0,0.0021328980127047065,0.0013,-0.0007799999999999994,1.6,20,2,-3
0.8500000000000001,0.0,0.0021327290311882246,0.0026,-0.0007799999999999994,1.6,20,3,-2
0.888,0.0,0.0021325866244918763,0.0013,-0.0007799999999999994,1.6,20,4,-2
0.9400000000000001,0.0,0.0021324750600193432,0.0026,-0.0007799999999999994,1.6,20,4,-1
1.004,0.0,0.002132398605174305,0.0013,-0.0007799999999999994,1.6,20,5,0
1.063,0.0,0.0021323615273604432,0.0013,-0.0007799999999999994,1.6,20,6,1
1.1239999999999999,0.0,0.002132368093981438,0.0013,-0.0007799999999999994,1.6,20,7,2
1.161,0.0,0.0021324225724409706,0.0,-0.0007799999999999994,1.6,20,8,3
1.218,0.0,0.0021325292301427206,0.0,-0.0007799999999999994,1.6,20,9,4
1.254,0.0,0.0021326923344903706,0.0,0.0,1.6,20,10,5
1.3139999999999998,0.0,0.0021329161528876,-0.0013,-0.0007799999999999994,1.6,20,11,7
1.387,0.0,0.002133204952737841,-0.0013,-0.0007799999999999994,1.6,20,13,8
1.4389999999999998,0.0,0.002134669940761006,0.0,0.0,1.6,20,15,11
1.504,0.0,0.0021360616793830133,0.0,0.0,1.6,20,16,13
1.5639999999999998,0.0,0.0021373801686038626,0.0,0.0,1.6,20,19,15
1.626,-0.0032879527356793332,0.002138625408423553,0.0,0.0,1.6,20,21,18
1.6989999999999998,-0.0058909153180921395,0.0021397973988420854,0.0,0.00078,1.6,20,23,21
1.753,-0.007836846529004399,0.0021408961398594597,0.0,-0.0007799999999999994,1.6,20,26,24
1.8119999999999998,-0.009153705150182092,0.0021419216314756758,0.0,0.0,1.6,20,29,27
1.847,-0.009869449963391199,0.002142873873690733,0.0,0.0,1.6,20,32,31
1.921,-0.010012039750397701,0.001805648280638268,0.0013,-0.0007799999999999994,1.6,20,34,32
1.971,-0.014138122910035338,0.0015387878935734707,0.0013,-0.0007799999999999994,1.6,20,38,37
2.03,-0.016803491603446557,0.0013394176735008784,0.0013,-0.0007799999999999994,1.6,20,41,41
2.066,-0.018074613877848582,0.0012046625814250294,0.0013,-0.0007799999999999994,1.6,20,45,45
2.122,-0.018017957780458654,0.0011316475783504612,0.0013,-0.0007799999999999994,1.6,20,46,47
2.157,-0.01669999135849401,0.0011174976252817115,0.0013,-0.0007799999999999994,1.6,20,50,52
2.2199999999999998,-0.01418718265917189,0.0005322290500750037,0.0,-0.0007799999999999994,1.6,20,53,54
2.281,-0.014950615658638445,0.00013072307878908858,0.0,-0.0007799999999999994,1.6,20,58,60
2.343,-0.013734514156655142,-9.522788397581849e-05,0.0,-0.0007799999999999994,1.6,20,62,65
2.407,-0.010642800417521943,-0.00015383143361950177,0.0,-0.0007799999999999994,1.6,20,67,71
2.468,-0.005779396705538822,-5.329516554174745e-05,0.0,0.0,1.6,20,72,77
2.613,0.0007517747149942673,-0.0003057532553508046,-0.0013,0.0,1.6,20,77,83
2.656,0.004752359871195535,-0.00031050201402789705,-0.0013,0.0,1.6,20,91,99
2.7159999999999997,0.011065874813301383,-8.00341269405657e-05,0.0,0.0,1.6,20,95,100
2.782,0.019553580680850433,0.0003731577205436444,-0.0013,0.0,1.6,20,100,100
2.843,0.030076738613381303,0.0010365808430571897,0.0,0.0,1.6,20,100,100
2.905,0.042496609750432617,0.001897742555232526,0.0,0.0,1.6,20,100,100
2.963,0.05667445523154299,0.002276985836024406,0.0,0.0,1.6,20,100,100
3.031,0.07247153619625107,0.002967974905675843,0.0,0.0,1.6,20,100,100
3.092,0.08974911378409549,0.003952543912699589,-0.0064,-0.0007799999999999994,1.6,20,100,100
3.154,0.10836844913461481,0.0052125270056083885,-0.0038000000000000004,-0.0007799999999999994,1.6,20,100,100
3.191,0.12819080338734773,0.006729758332914991,-0.0013,-0.0015000000000000002,1.6,20,93,100
3.227,0.14907743768183282,0.008038998718126683,-0.0038000000000000004,-0.0022799999999999995,1.6,20,99,100
3.29,0.1708896131576087,0.00966229591080448,-0.012799999999999999,-0.0038399999999999997,1.6,20,100,100
3.35,0.19348859095421406,0.011577682415541012,-0.0051,-0.014580000000000001,1.6,20,100,100
3.411,0.21673563221118747,0.013763190736928912,-0.0038000000000000004,-0.01686,1.6,20,100,100
3.477,0.24049199806806754,0.016196853379560814,-0.008900000000000002,-0.01686,1.6,20,100,100
3.539,0.2646189496643929,0.018856702848029358,-0.0102,-0.00768,1.6,20,56,100
3.6,0.28897774813970234,0.021720771646927168,-0.0025,-0.01914,1.6,20,66,100
3.66,0.3134296546335342,0.02476709228084688,0.0026,-0.01686,1.6,20,77,100
3.722,0.33783593028542724,0.027647221743442654,0.0077,-0.01152,1.6,20,86,100
3.788,0.3620578362349201,0.030733683781691116,0.0064,-0.00768,1.6,20,96,100
3.848,0.38595663362155147,0.03400173474788099,0.009000000000000001,-0.00612,1.6,20,100,100
3.922,0.40939358358485983,0.03742663099430103,0.0167,-0.0030600000000000002,1.6,20,36,100
3.974,0.4322299472643839,0.040983628873239954,0.0167,-0.0022799999999999995,1.6,20,50,100
4.035,0.4543269857996623,0.0446479847369865,0.014100000000000001,0.00846,1.6,20,59,100
4.107,0.4755459603302336,0.04839757543515585,0.014100000000000001,0.01002,1.6,20,70,100
4.159,0.4957481319956364,0.05178429116371614,0.0077,0.01308,1.6,20,83,100
4.191,0.5147947619354093,0.055292393968640906,0.009000000000000001,0.01386,1.6,20,18,100
4.252,0.5280184216720235,0.05889357661885251,0.009000000000000001,0.01386,1.6,20,26,100
4.3149999999999995,0.5407525389656406,0.06255691138594692,-0.0013,0.016139999999999998,1.6,20,38,100
4.374,0.5528198656903485,0.06625622625889027,0.0013,0.01152,1.6,20,49,100
4.409,0.5640431537202342,0.06996319569425466,0.0,0.00924,1.6,20,61,100
4.4719999999999995,0.5742451549293853,0.07294916541406606,-0.003759241979916467,0.00622829645427886,1.6,20,67,100
4.535,0.5832486211918891,0.0760320404291398,-0.006318483959832933,-0.005243407091442282,1.6,20,81,100
4.6049999999999995,0.586471688452904,0.07917754001973382,-0.0062777259397494,-0.005195110637163423,1.6,20,94,100
4.655,0.5930602545046849,0.082351383466106,-0.004936967919665867,-0.0036468141828845634,1.6,20,100,100
4.72,0.5995396230503234,0.08551929004851432,-0.003596209899582334,-0.014338517728605707,1.6,20,100,100
4.779,0.6057230505285897,0.08864697904721669,0.00024454812050119965,-0.01579022127432685,1.6,20,100,100
4.813,0.6114237933782548,0.0912742010349273,0.002885306140584733,-0.016521924820047985,1.6,20,100,100
4.846,0.6121125289532295,0.09388138748018608,0.002926064160668266,-0.01647362836576913,1.6,20,100,100
4.88,0.6128497967531565,0.09684205356061434,0.002966822180751799,-0.01642533191149027,1.6,20,100,100
4.912,0.6189226024099829,0.09978306682671187,0.004307580200835333,-0.015597035457211413,1.6,20,100,100
4.955,0.6256170953179641,0.10266939941484474,0.005548338220918866,-0.014048739002932553,1.6,20,100,100
4.997,0.6327481144884236,0.10546602346137907,0.0055890962410024,-0.008600442548653692,1.6,20,100,100
5.059,0.6401304989326847,0.10781401983061535,0.009529854261085935,-0.0054921460943748324,1.6,20,100,100
5.095,0.6432365085772114,0.11006972927933231,0.006970612281169466,0.006856150359904026,1.6,20,100,100
5.159,0.647128265494199,0.11295845858787106,-0.001888629698747001,0.008404446814182885,1.6,20,100,100
5.191,0.656943380466611,0.1158206496383702,-0.00824787167866347,0.008452743268461745,1.6,20,100,100
5.225,0.6680926041010261,0.11862385294611655,-0.008207113658579936,0.008501039722740604,1.6,20,100,100
5.29,0.6803913029329519,0.12078431473351942,-0.008166355638496402,0.009329336177019462,1.6,20,100,100
5.352,0.689312264413037,0.12293574486975944,-0.00812559761841287,0.01015763263129832,1.6,20,100,100
5.405,0.6999181381376605,0.12565420228283572,-0.009384839598329336,0.010205929085577181,1.6,20,100,100
5.4399999999999995,0.7169696188601293,0.1284029080361203,-0.009344081578245803,0.010254225539856037,1.6,20,100,100
5.487,0.7361855313106326,0.13114900977319374,-0.015703323558162268,0.011082521994134896,1.6,20,100,100
5.54,0.7573791319279409,0.1338596551376365,-0.013162565538078735,0.0065108184484137565,1.6,20,100,100
5.603,0.7803636771508247,0.13606654752295155,-0.011821807517995199,0.0003791149026926159,1.6,20,100,100
5.664,0.8006098443331949,0.13826299637489645,-0.006681049497911667,-0.004132588643028525,1.6,20,100,100
5.724,0.8231781729746945,0.14122427665155343,-0.007840291477828137,-0.004084292188749666,1.6,20,100,100
5.759,0.8478449928211953,0.14425234206971652,-0.0116995334577446,-0.0025359957344708076,1.6,20,100,100
5.821,0.8743866336185698,0.14731631068185727,-0.005258775437661068,-0.0024876992801919485,1.6,20,100,100
5.881,0.90257942511269,0.15038530054044744,0.003781982582422465,-0.004719402825913089,1.6,20,100,100
5.943,0.9321996970494277,0.15305242294195698,0.017922740602506,-0.013911106371634235,1.6,20,100,100
6.006,0.9630237791746556,0.15628515268066132,0.021763498622589528,-0.013082809917355375,1.6,20,100,100
6.07,0.9948280012342459,0.15960613879158628,0.020504256642673063,-0.01147451346307651,1.6,20,100,100
6.127,1.0273886929740703,0.162985103634763,0.019245014662756597,-0.005306217008797652,1.6,20,100,100
6.164,1.0604821841400007,0.16639176957022278,0.02058577268284013,-0.005257920554518795,1.6,20,100,100
6.221,1.0938848044779101,0.16919717695244998,0.018126530702923666,-0.0029296241002399357,1.6,20,100,100
6.287,1.1273728837336703,0.1720944555648449,0.004067288723007198,0.003298672354038923,1.6,20,100,100
6.349,1.160722751653153,0.17504823693405833,0.004108046743090731,0.003346968808317782,1.6,20,100,100
6.425,1.193710737982231,0.17802315258674095,-0.0022511952368257358,0.008015265262596641,1.6,20,100,100
6.473,1.226113172466776,0.18138110144423136,-0.0035104372167422022,0.007283561716875499,1.6,20,100,100
6.536,1.2577063848526608,0.18476301567454573,-0.003469679196658669,0.006551858171154359,1.6,20,100,100
6.5969999999999995,1.2882667048857566,0.1876750163178325,-0.003428921176575136,0.007380154625433219,1.6,20,100,100
6.66,1.3175704623119362,0.19064189907493706,-0.013588163156491603,0.008208451079712078,1.6,20,100,100
6.72,1.3453939868770717,0.1936271491193821,-0.01484740513640807,0.008256747533990935,1.6,20,100,100
6.783,1.3715136083270354,0.19659425162469013,-0.022506647116324538,0.0021250439882697946,1.6,20,100,100
6.843,1.3957056564076988,0.19950669176438382,-0.013465889096241003,-0.003166659557451346,1.6,20,32,100
6.878,1.4177464608649346,0.20284052398903685,-0.016025131076157467,-0.0038983631031724864,1.6,20,32,100
6.9399999999999995,1.4374123514446144,0.20614158443161174,-0.010884373056073935,0.002269933351106372,1.6,20,32,100
7.001,1.4599903337786864,0.20888464265606704,-0.0005436150359904027,-0.012261770194614769,1.6,20,32,100
7.061,1.480766557261405,0.21163162521718937,0.0032971429840931306,-0.012213473740335911,1.6,20,32,100
7.096,1.4995558609040942,0.21434541298094184,0.011037901004176665,-0.012945177286057053,1.6,20,32,100
7.155,1.5161730837180774,0.21698888681328743,0.0110786590242602,-0.00443688083177819,1.6,20,-47,100
7.216,1.5304330647146775,0.2203771133107466,0.014919417044343729,-0.004388584377499332,1.6,20,-47,100
7.278,1.5421506429052183,0.2233504775411127,0.014960175064427263,-0.003560287923220474,1.6,20,-47,100
7.34,1.5565003557655617,0.22639512991992103,0.013700933084510796,-0.0027319914689416147,1.6,20,-47,100
7.403,1.568929880595185,0.22947626599421125,0.01634169110459433,0.0011563049853372431,1.6,20,-47,100
7.446,1.5792915106224943,0.23255908131102304,0.015082449124677863,0.0012046014396161027,1.6,20,-47,100
7.51,1.587437539075896,0.23560877141739606,0.015123207144761397,0.004312897893894961,1.6,20,-47,100
7.571,1.5932202591837952,0.23910886623153915,0.015163965164844927,0.0013011943481738202,1.6,20,-47,100
7.636,1.6017761739283698,0.2421809838395588,0.005004723184928463,0.0074694908024526795,1.6,20,-47,100
7.705,1.608651924146064,0.2453029293527164,0.0024454812050119967,0.008297787256731538,1.6,20,-47,100
7.74,1.6137367297581824,0.24843993860522212,-0.0013137607749044702,0.007566083711010398,1.6,20,-47,100
7.777,1.61691981068603,0.2515572474312863,-0.005173002754820936,0.007614380165289257,1.6,20,-47,100
7.835,1.6180903868509116,0.25462009166511934,-0.0102322447347374,0.009222676619568116,1.6,20,-47,100
7.899,1.6171376781741311,0.2579878299388276,-0.017891486714653872,0.001590973073846974,1.6,20,-47,100
7.973,1.6192351143307637,0.2609048653797029,-0.020350728694570337,0.0008592695281258336,1.6,20,-47,100
8.021,1.6199662628501532,0.2638221535310123,-0.017809970674486805,0.00012756598240469237,1.6,20,-47,100
8.086,1.619257270346503,0.26670428563223575,-0.01896921265440327,-0.0021041375633164485,1.6,20,-47,100
8.156,1.6170342834340157,0.26951585292285335,-0.013828454634319736,-0.00439584110903759,1.6,20,-47,100
8.219000000000001,1.6132234487268937,0.27289229395791315,-0.012487696614236205,-0.0035675446547587296,1.6,20,-47,100
8.267000000000001,1.6130351225931117,0.2757144926666149,-0.0060469385941526715,-0.008139248200479872,1.6,20,-47,100
8.297,1.612089799254911,0.278600713183164,-0.0035061805740691375,-0.008090951746201015,1.6,20,-47,100
8.335,1.6103505520193933,0.2815156676085524,-0.002165422553985604,-0.001862655291922154,1.6,20,-47,100
8.396,1.60778045419366,0.2844240680437723,0.00807533546609793,-0.0018143588376432944,1.6,20,-47,100
8.464,1.604342579084813,0.2872906265898154,0.009416093486181462,-0.001046062383364436,1.6,20,-47,100
8.521,1.5999999999999535,0.29021453135953135,0.013356851506264996,-0.0009977659290855768,1.6,20,-48,100
8.586,1.5999999999999535,0.29320651412268384,0.013397609526348529,-0.00016946947480671754,1.6,20,-48,100
8.657,1.5999999999999535,0.29623162758998023,0.010838367546432063,-0.00012117302052785882,1.6,20,-48,100
8.712000000000002,1.5999999999999535,0.2992549244721278,0.010879125566515595,-0.0008528765662489999,1.6,20,-48,100
8.770000000000001,1.5999999999999535,0.30224145747983416,0.010919883586599129,-2.458011197014071e-05,1.6,20,-48,100
8.833,1.5999999999999535,0.30478242610019884,0.0019606416066826624,0.004643716342308719,1.6,20,-48,100
8.893,1.5999999999999535,0.3077521611889846,-0.0017986003732338048,0.004692012796587577,1.6,20,-48,100
8.958,1.5999999999999535,0.3107397270132472,-0.00435784235315027,0.004740309250866436,1.6,20,-48,100
9.019,1.5999999999999535,0.31371019459604443,-0.004317084333066737,0.004788605705145295,1.6,20,-48,100
9.075000000000001,1.5999999999999535,0.31662863496043403,-0.015776326312983206,0.001776902159424154,1.6,20,-48,100
9.110000000000001,1.5999999999999535,0.3194601191294736,-0.01573556829289967,0.00026519861370301334,1.6,20,-48,100
9.158000000000001,1.5999999999999535,0.32289821638297045,-0.016994810272816137,-0.001186504932018128,1.6,20,-48,100
9.206000000000001,1.5999999999999535,0.3261748576726811,-0.015654052252732607,-0.0019182084777392679,1.6,20,-48,100
9.272,1.5999999999999535,0.3294288264414983,-0.01431329423264907,-0.0026499120234604085,1.6,20,-48,100
9.33,1.5999999999999535,0.3326290979055614,-0.012972536212565538,-0.00260161556918155,1.6,20,-48,100
9.393,1.5999999999999535,0.33574464728100983,-0.012931778192482006,-0.0017733191149026915,1.6,20,-48,100
9.455,1.5999999999999535,0.3387444497839829,-0.006491020172398472,-0.0017250226606238329,1.6,20,-48,77
9.519,1.5999999999999535,0.34249474221141546,-0.0064502621523149384,-0.0008967262063449739,1.6,20,-48,76
9.58,1.5999999999999535,0.34610119478979334,0.006390495867768595,0.0014315702479338846,1.6,20,-48,76
9.646,1.5999999999999535,0.3495395619673334,0.006431253887852128,-0.002360133297787255,1.6,20,-48,76
9.707,1.5999999999999535,0.3527855981922522,0.011572011907935663,-0.0030918368435083974,1.6,20,-48,76
9.768,1.5999999999999535,0.35581505791276624,0.011612769928019195,-0.0030435403892295388,1.6,20,-48,26
9.828000000000001,1.5999999999999535,0.3588358463691712,0.014253527948102728,6.475606504932059e-05,1.6,20,-48,25
9.888000000000002,1.5999999999999535,0.36154320246925503,0.01169428596818626,0.00011305251932817935,1.6,20,-48,25
9.950000000000001,1.5999999999999535,0.3645139004214189,0.010435043988269794,0.004001348973607039,1.6,20,-48,24
10.018,1.5999999999999535,0.36723755744323644,0.0054810263929618765,0.0024008093841642233,1.6,20,-48,24
10.08,1.5999999999999535,0.3696960882575616,0.004761026392961877,0.002868809384164223,1.6,20,-48,-13
10.139000000000001,1.5999999999999535,0.37215050538551764,-0.0014189736070381236,0.0019688093841642228,1.6,20,-48,-14
10.200000000000001,1.5999999999999535,0.37424548037704997,-0.0036989736070381237,0.0010328093841642228,1.6,20,-49,-14
10.269,1.5999999999999535,0.3764862561041058,-0.005258973607038122,0.0005648093841642231,1.6,20,-49,-15
10.329,1.5999999999999535,0.3784326388254365,-0.005258973607038122,0.0005648093841642231,1.6,20,-49,-16
10.381,1.5999999999999535,0.3800725570397311,-0.0067589736070381235,9.680938416422284e-05,1.6,20,-49,-51
10.421000000000001,1.5999999999999535,0.3815924949324105,-0.0067589736070381235,-0.000335190615835777,1.6,20,-49,-52
10.48,1.5999999999999535,0.38274045954736297,-0.0067589736070381235,9.680938416422284e-05,1.6,20,-49,-52
10.515,1.5999999999999535,0.3835060677819744,-0.006038973607038124,9.680938416422284e-05,1.6,20,-49,-53
10.586,1.5999999999999535,0.38439150581068154,-0.004478973607038123,0.0005648093841642231,1.6,20,-49,-53
10.637,1.5999999999999535,0.38496874149031024,0.006261026392961876,0.0038048093841642227,1.6,20,-49,-54
10.717,1.5999999999999535,0.3852309736139628,0.007041026392961876,0.005640809384164222,1.6,20,-49,-55
10.778,1.5999999999999535,0.38524978955388545,0.009321026392961876,0.006108809384164222,1.6,20,-49,-69
10.855,1.5999999999999535,0.3849236685700485,0.010881026392961877,0.004272809384164223,1.6,20,-49,-70
10.932,1.5999999999999535,0.3842464760251052,0.010881026392961877,0.003336809384164223,1.6,20,-49,-71
10.994000000000002,1.5999999999999535,0.3836984415854953,0.010881026392961877,0.002868809384164223,1.6,20,-49,-72
11.058000000000002,1.5999999999999535,0.38287713377374905,0.007041026392961876,0.0015008093841642229,1.6,20,-49,-72
11.119000000000002,1.5999999999999535,0.38177981672473355,0.007821026392961877,0.0024008093841642233,1.6,20,-49,-42
11.183000000000002,1.5999999999999535,0.3804295969620438,0.007041026392961876,0.0024008093841642233,1.6,20,-49,-42
11.244000000000002,1.5999999999999535,0.3787925124008331,-0.0014189736070381236,-0.0012711906158357762,1.6,20,-49,-43
11.303,1.5999999999999535,0.37751959895738474,-0.0014189736070381236,-0.000335190615835777,1.6,20,-49,-44
11.365,1.5999999999999535,0.3760758166358546,-0.002198973607038123,-0.0017391906158357772,1.6,20,-49,-44
11.429,1.5999999999999535,0.37446321641947494,-0.004478973607038123,-0.000335190615835777,1.6,20,-49,-23
11.49,1.5999999999999535,0.37268384929147824,-0.009098973607038124,-0.008615190615835778,1.6,20,-49,-24
11.551,1.5999999999999535,0.3707397662350969,-0.009878973607038124,-0.009083190615835776,1.6,20,-49,-24
11.613000000000001,1.5999999999999535,0.3691141415426973,-0.010598973607038124,-0.008183190615835776,1.6,20,-49,-25
11.677000000000001,1.5999999999999535,0.36741699979747683,-0.009098973607038124,-0.007247190615835777,1.6,20,-49,-26
11.739,1.5999999999999535,0.3656537541301811,-0.0029189736070381242,-0.000335190615835777,1.6,20,-49,0
11.8,1.5999999999999535,0.3638298176715556,-0.0014189736070381236,0.0010328093841642228,1.6,20,-49,-1
11.859,1.5999999999999535,0.3619506035523461,0.0024210263929618767,0.0024008093841642233,1.6,20,-50,-1
11.924000000000001,1.5999999999999535,0.36047644323916755,0.008601026392961876,0.004272809384164223,1.6,20,-50,-1
11.988000000000001,1.5999999999999535,0.3590420756631683,0.010101026392961876,0.004272809384164223,1.6,20,-50,-2
12.052000000000001,1.5999999999999535,0.357656092979104,0.008601026392961876,0.0024008093841642233,1.6,20,-50,16
12.110000000000001,1.5999999999999535,0.35632708734173085,0.009321026392961876,0.002868809384164223,1.6,20,-50,16
12.174000000000001,1.5999999999999535,0.3550636509058045,0.007821026392961877,0.0024008093841642233,1.6,20,-50,16
12.237,1.5999999999999535,0.3538743758260807,0.007041026392961876,0.0024008093841642233,1.6,20,-50,15
12.293000000000001,1.5999999999999535,0.3527678542573155,0.008601026392961876,0.004704809384164223,1.6,20,-50,15
12.329,1.5999999999999535,0.35192248658101805,0.008601026392961876,0.004272809384164223,1.6,20,-50,15
12.389000000000001,1.5999999999999535,0.35120850269310794,0.0016410263929618767,-0.0012711906158357762,1.6,20,-50,22
12.423,1.5999999999999535,0.35063568138864,-0.0014189736070381236,-0.0017391906158357772,1.6,20,-50,21
12.484,1.5999999999999535,0.35021380146266895,-0.0014189736070381236,-0.0012711906158357762,1.6,20,-50,21
12.544,1.5999999999999535,0.3499526417102493,-0.002198973607038123,-0.0008031906158357766,1.6,20,-50,21
12.610000000000001,1.5999999999999535,0.3494531833435115,-0.002198973607038123,-0.0058791906158357785,1.6,20,-50,21
12.672,1.5999999999999535,0.34905829948433725,-0.008318973607038123,-0.0077151906158357784,1.6,20,-50,20
12.737,1.5999999999999535,0.34877491220113616,-0.008318973607038123,-0.006779190615835779,1.6,20,-50,22
12.805000000000001,1.5999999999999535,0.34860994356231756,-0.0067589736070381235,-0.006347190615835779,1.6,20,-50,22
12.860000000000001,1.5999999999999535,0.34857031563629093,-0.007538973607038123,-0.0012711906158357762,1.6,20,-50,22
12.920000000000002,1.5999999999999535,0.3483804608796758,-0.005258973607038122,-0.0008031906158357766,1.6,20,-50,21
12.983,1.5999999999999535,0.34827747808159937,-0.0029189736070381242,9.680938416422284e-05,1.6,20,-50,21
13.054,1.5999999999999535,0.3482663152391099,-0.0014189736070381236,0.0005648093841642231,1.6,20,-50,29
13.107000000000001,1.5999999999999535,0.3483519203492555,0.006261026392961876,0.002868809384164223,1.6,20,-50,29
13.165000000000001,1.5999999999999535,0.3485392414090846,0.006261026392961876,0.003336809384164223,1.6,20,-50,29
13.245000000000001,1.5999999999999535,0.348493609962139,0.007821026392961877,0.0038048093841642227,1.6,20,-50,28
13.308000000000002,1.5999999999999535,0.3484966985231388,0.009321026392961876,0.005172809384164223,1.6,20,-50,28
13.367,1.5999999999999535,0.3485510818085348,0.009321026392961876,0.005172809384164223,1.6,20,-50,30
13.428,1.5999999999999535,0.34865933453477754,0.010101026392961876,0.006108809384164222,1.6,20,-50,30
13.49,1.5999999999999535,0.34882403141831786,0.009321026392961876,0.005172809384164223,1.6,20,-50,30
13.552000000000001,1.5999999999999535,0.3488061373221089,0.0032010263929618766,-0.000335190615835777,1.6,20,-51,29
13.610000000000001,1.5999999999999535,0.3488050942506364,0.0024210263929618767,-0.0017391906158357772,1.6,20,-51,29
13.680000000000001,1.5999999999999535,0.3488217885216544,-0.005258973607038122,-0.0031071906158357753,1.6,20,-51,29
13.74,1.5999999999999535,0.3488571064529169,-0.0014189736070381236,-0.005411190615835777,1.6,20,-51,26
13.8,1.5999999999999535,0.3489119343621779,-0.0029189736070381242,-0.005411190615835777,1.6,20,-51,25
13.863000000000001,1.5999999999999535,0.34898715856719137,-0.006038973607038124,-0.006779190615835779,1.6,20,-51,25
13.930000000000001,1.5999999999999535,0.3489882792830291,-0.005258973607038122,-0.0058791906158357785,1.6,20,-51,25
13.992,1.5999999999999535,0.348993904837038,-0.007538973607038123,-0.002207190615835777,1.6,20,-51,25
14.052000000000001,1.5999999999999535,0.3490042549774217,-0.0067589736070381235,-0.0017391906158357772,1.6,20,-51,26
14.123000000000001,1.5999999999999535,0.34901954945238356,-0.0036989736070381237,-0.000335190615835777,1.6,20,-51,26
14.183000000000002,1.5999999999999535,0.3490400080101271,-0.002198973607038123,9.680938416422284e-05,1.6,20,-51,25
14.246,1.5999999999999535,0.3490658503988557,0.0016410263929618767,0.0015008093841642229,1.6,20,-51,25
14.311,1.5999999999999535,0.3490658503988557,0.0001410263929618764,-0.000335190615835777,1.6,20,-51,25
14.369000000000002,1.5999999999999535,0.3490658503988557,0.0016410263929618767,9.680938416422284e-05,1.6,20,-51,29
14.438,1.5999999999999535,0.3490658503988557,0.007041026392961876,0.004704809384164223,1.6,20,-51,29
14.495000000000001,1.5999999999999535,0.3490658503988557,0.009321026392961876,0.005640809384164222,1.6,20,-51,29
14.563,1.5999999999999535,0.3490658503988557,0.009321026392961876,0.005640809384164222,1.6,20,-51,28
14.621,1.5999999999999535,0.3490658503988557,0.009321026392961876,0.004272809384164223,1.6,20,-51,28
14.681000000000001,1.5999999999999535,0.3490658503988557,0.008601026392961876,0.003336809384164223,1.6,20,-51,28
14.743,1.5999999999999535,0.3490658503988557,0.007041026392961876,0.002868809384164223,1.6,20,-51,28
14.806000000000001,1.5999999999999535,0.3490658503988557,0.0001410263929618764,-0.0017391906158357772,1.6,20,-51,27
14.866000000000001,1.5999999999999535,0.3490658503988557,-0.002198973607038123,-0.002639190615835777,1.6,20,-51,27
14.930000000000001,1.5999999999999535,0.3490658503988557,-0.0006389736070381236,-0.0017391906158357772,1.6,20,-51,27
14.991000000000001,1.5999999999999535,0.3490658503988557,-0.0036989736070381237,-0.0031071906158357753,1.6,20,-51,24
15.055000000000001,1.5999999999999535,0.3490658503988557,-0.0067589736070381235,-0.002639190615835777,1.6,20,-51,24
15.146,1.5999999999999535,0.3490658503988557,-0.006038973607038124,-0.0017391906158357772,1.6,20,-51,24
15.21,1.5999999999999535,0.3490658503988557,-0.005258973607038122,-0.0017391906158357772,1.6,20,-52,23
15.255,1.5999999999999535,0.3490658503988557,-0.005258973607038122,-0.0017391906158357772,1.6,20,-52,23
15.301,1.5999999999999535,0.3490658503988557,-0.004478973607038123,-0.000335190615835777,1.6,20,-52,23
15.364,1.5999999999999535,0.3490658503988557,-0.0029189736070381242,-0.0008031906158357766,1.6,20,-52,26
15.423,1.5999999999999535,0.3490658503988557,0.0016410263929618767,0.0015008093841642229,1.6,20,-52,26
15.472000000000001,1.5999999999999535,0.3490658503988557,0.0032010263929618766,0.0019688093841642228,1.6,20,-52,26
15.534,1.5999999999999535,0.3490658503988557,0.004761026392961877,0.002868809384164223,1.6,20,-52,26
15.596,1.5999999999999535,0.3490658503988557,0.0054810263929618765,0.003336809384164223,1.6,20,-52,25
15.657,1.5999999999999535,0.3490658503988557,0.007821026392961877,0.005172809384164223,1.6,20,-52,27
15.719000000000001,1.5999999999999535,0.3490658503988557,0.007821026392961877,0.004704809384164223,1.6,20,-52,27
15.783000000000001,1.5999999999999535,0.3490658503988557,0.009321026392961876,0.004272809384164223,1.6,20,-52,27
15.846,1.5999999999999535,0.3490658503988557,0.008601026392961876,0.0038048093841642227,1.6,20,-52,27
15.909,1.5999999999999535,0.3490658503988557,0.003981026392961876,-0.000335190615835777,1.6,20,-52,27
15.963000000000001,1.5999999999999535,0.3490658503988557,0.0024210263929618767,-0.0008031906158357766,1.6,20,-52,26
16.032,1.5999999999999535,0.3490658503988557,-0.0006389736070381236,-0.0017391906158357772,1.6,20,-52,25
16.094,1.5999999999999535,0.3490658503988557,-0.0029189736070381242,-0.0012711906158357762,1.6,20,-52,24
16.157,1.5999999999999535,0.3490658503988557,-0.0036989736070381237,-0.0008031906158357766,1.6,20,-52,24
16.219,1.5999999999999535,0.3490658503988557,-0.004478973607038123,-0.0012711906158357762,1.6,20,-52,24
16.286,1.5999999999999535,0.3490658503988557,-0.005258973607038122,-0.0017391906158357772,1.6,20,-52,24
16.346,1.5999999999999535,0.3490658503988557,-0.004478973607038123,-0.0012711906158357762,1.6,20,-52,24
16.406000000000002,1.5999999999999535,0.3490658503988557,-0.004478973607038123,-0.0017391906158357772,1.6,20,-52,23
16.474,1.5999999999999535,0.3490658503988557,-0.004478973607038123,-0.0012711906158357762,1.6,20,-52,23
16.527,1.5999999999999535,0.3490658503988557,-0.0014189736070381236,9.680938416422284e-05,1.6,20,-52,23
16.59,1.5999999999999535,0.3490658503988557,-0.0006389736070381236,0.0005648093841642231,1.6,20,-52,23
16.656000000000002,1.5999999999999535,0.3490658503988557,0.0001410263929618764,0.0015008093841642229,1.6,20,-52,23
16.725,1.5999999999999535,0.3490658503988557,0.0001410263929618764,0.0015008093841642229,1.6,20,-52,23
16.807000000000002,1.5999999999999535,0.3490658503988557,0.0054810263929618765,0.002868809384164223,1.6,20,-52,23
16.899,1.5999999999999535,0.3490658503988557,0.007041026392961876,0.003336809384164223,1.6,20,-53,23
16.959,1.5999999999999535,0.3490658503988557,0.004761026392961877,0.0010328093841642228,1.6,20,-53,23
17.017,1.5999999999999535,0.3490658503988557,0.004761026392961877,0.0005648093841642231,1.6,20,-53,23
17.080000000000002,1.5999999999999535,0.3490658503988557,0.0009210263929618766,-0.000335190615835777,1.6,20,-53,23
17.142,1.5999999999999535,0.3490658503988557,-0.0006389736070381236,-0.0008031906158357766,1.6,20,-53,22
17.204,1.5999999999999535,0.3490658503988557,-0.0014189736070381236,-0.0012711906158357762,1.6,20,-53,22
17.264,1.5999999999999535,0.3490658503988557,-0.002198973607038123,-0.0017391906158357772,1.6,20,-53,22
17.338,1.5999999999999535,0.3490658503988557,-0.0036989736070381237,-0.000335190615835777,1.6,20,-53,22
17.39,1.5999999999999535,0.3490658503988557,-0.0036989736070381237,-0.000335190615835777,1.6,20,-53,22
17.452,1.5999999999999535,0.3490658503988557,-0.0029189736070381242,-0.0012711906158357762,1.6,20,-53,21
17.514,1.5999999999999535,0.3490658503988557,-0.0029189736070381242,-0.0012711906158357762,1.6,20,-53,21
17.598000000000003,1.5999999999999535,0.3490658503988557,-0.0036989736070381237,-0.0008031906158357766,1.6,20,-53,21
17.653000000000002,1.5999999999999535,0.3490658503988557,-0.0029189736070381242,-0.0012711906158357762,1.6,20,-53,21
17.717000000000002,1.5999999999999535,0.3490658503988557,-0.0014189736070381236,9.680938416422284e-05,1.6,20,-53,21
17.779,1.5999999999999535,0.3490658503988557,-0.0006389736070381236,0.0005648093841642231,1.6,20,-53,21
17.843,1.5999999999999535,0.3490658503988557,0.0009210263929618766,0.0019688093841642228,1.6,20,-53,21
17.900000000000002,1.5999999999999535,0.3490658503988557,0.0024210263929618767,0.0019688093841642228,1.6,20,-53,20
17.941000000000003,1.5999999999999535,0.3490658503988557,0.003981026392961876,0.0024008093841642233,1.6,20,-53,20
17.997,1.5999999999999535,0.3490658503988557,0.003981026392961876,0.0005648093841642231,1.6,20,-53,20
18.061,1.5999999999999535,0.3490658503988557,0.004761026392961877,0.0005648093841642231,1.6,20,-53,20
18.119,1.5999999999999535,0.3490658503988557,0.004761026392961877,0.0005648093841642231,1.6,20,-53,20
18.187,1.5999999999999535,0.3490658503988557,0.004761026392961877,0.0005648093841642231,1.6,20,-53,20
18.245,1.5999999999999535,0.3490658503988557,0.0016410263929618767,-0.000335190615835777,1.6,20,-53,20
18.307000000000002,1.5999999999999535,0.3490658503988557,0.003981026392961876,0.0019688093841642228,1.6,20,-53,19
18.37,1.5999999999999535,0.3490658503988557,-0.002198973607038123,-0.0012711906158357762,1.6,20,-53,19
18.433,1.5999999999999535,0.3490658503988557,0.0001410263929618764,-0.000335190615835777,1.6,20,-53,19
18.496000000000002,1.5999999999999535,0.3490658503988557,-0.0029189736070381242,-0.002207190615835777,1.6,20,-53,19
18.532,1.5999999999999535,0.3490658503988557,-0.002198973607038123,9.680938416422284e-05,1.6,20,-54,18
18.567,1.5999999999999535,0.3490658503988557,-0.002198973607038123,-0.000335190615835777,1.6,20,-54,18
18.607,1.5999999999999535,0.3490658503988557,-0.002198973607038123,-0.000335190615835777,1.6,20,-54,18
18.662000000000003,1.5999999999999535,0.3490658503988557,-0.0029189736070381242,-0.0008031906158357766,1.6,20,-54,18
18.746000000000002,1.5999999999999535,0.3490658503988557,-0.004478973607038123,-0.0008031906158357766,1.6,20,-54,18
18.781000000000002,1.5999999999999535,0.3490658503988557,-0.004478973607038123,-0.0008031906158357766,1.6,20,-54,18
18.817,1.5999999999999535,0.3490658503988557,-0.0036989736070381237,-0.0008031906158357766,1.6,20,-54,17
18.855,1.5999999999999535,0.3490658503988557,-0.0029189736070381242,-0.000335190615835777,1.6,20,-54,17
18.911,1.5999999999999535,0.3490658503988557,-0.002198973607038123,-0.000335190615835777,1.6,20,-54,17
18.945,1.5999999999999535,0.3490658503988557,-0.0014189736070381236,-0.000335190615835777,1.6,20,-54,17
19.008,1.5999999999999535,0.3490658503988557,0.0001410263929618764,9.680938416422284e-05,1.6,20,-54,17
19.069,1.5999999999999535,0.3490658503988557,0.0016410263929618767,-0.000335190615835777,1.6,20,-54,17
19.135,1.5999999999999535,0.3490658503988557,0.0054810263929618765,0.0019688093841642228,1.6,20,-54,17
19.197,1.5999999999999535,0.3490658503988557,0.0032010263929618766,9.680938416422284e-05,1.6,20,-54,16
19.257,1.5999999999999535,0.3490658503988557,0.0032010263929618766,9.680938416422284e-05,1.6,20,-54,16
19.321,1.5999999999999535,0.3490658503988557,0.0024210263929618767,9.680938416422284e-05,1.6,20,-54,16
19.354,1.5999999999999535,0.3490658503988557,0.0054810263929618765,0.0024008093841642233,1.6,20,-54,16
19.413,1.5999999999999535,0.3490658503988557,0.004761026392961877,0.0024008093841642233,1.6,20,-54,16
19.481,1.5999999999999535,0.3490658503988557,0.0009210263929618766,-0.000335190615835777,1.6,20,-54,16
19.539,1.5999999999999535,0.3490658503988557,0.0001410263929618764,-0.0008031906158357766,1.6,20,-54,15
19.6,1.5999999999999535,0.3490658503988557,0.0001410263929618764,-0.0008031906158357766,1.6,20,-54,15
19.661,1.5999999999999535,0.3490658503988557,-0.0014189736070381236,-0.0012711906158357762,1.6,20,-54,15
19.723000000000003,1.5999999999999535,0.3490658503988557,0.0001410263929618764,0.005172809384164223,1.6,20,-54,15
19.783,1.5999999999999535,0.3490658503988557,-0.0014189736070381236,-0.000335190615835777,1.6,20,-54,15
19.849,1.5999999999999535,0.3490658503988557,-0.0029189736070381242,-0.0008031906158357766,1.6,20,-54,14
19.902,1.5999999999999535,0.3490658503988557,-0.0036989736070381237,-0.0008031906158357766,1.6,20,-54,14
19.938000000000002,1.5999999999999535,0.3490658503988557,-0.0029189736070381242,-0.000335190615835777,1.6,20,-54,14
19.999000000000002,1.5999999999999535,0.3490658503988557,-0.0029189736070381242,-0.000335190615835777,1.6,20,-54,14
20.059,1.5999999999999535,0.3490658503988557,-0.002198973607038123,-0.000335190615835777,1.6,20,-54,14
20.125,1.5999999999999535,0.3490658503988557,-0.0021987435416529885,-0.0003351555468572868,1.6,20,-54,13
20.187,1.5999999999999535,0.3490658503988557,-0.0006387072582148409,-0.0003350508954699905,1.6,20,-55,13
20.259,1.5999999999999535,0.3490658503988557,-0.0006383767050280927,-0.0008024403092695123,1.6,20,-55,13
20.326,1.5999999999999535,0.3490658503988557,0.0009195029279311684,-0.0008018620623593841,1.6,20,-55,13
20.381,1.5999999999999535,0.3490658503988557,0.003970778576457732,0.00196374134509364,1.6,20,-55,13
20.449,1.5999999999999535,0.3490658503988557,0.003966328920921324,0.0023919458838214903,1.6,20,-55,12
20.509,1.5999999999999535,0.3490658503988557,0.004737198618841381,0.0019589559741176985,1.6,20,-55,12
20.576,1.5999999999999535,0.3490658503988557,0.0024052647721120703,9.617912552171668e-05,1.6,20,-55,12
20.636,1.5999999999999535,0.3490658503988557,0.004721957207833809,0.0023811082402206032,1.6,20,-55,12
20.696,1.5999999999999535,0.3490658503988557,0.003940859900909416,0.002376586462352153,1.6,20,-55,12
20.754,1.5999999999999535,0.3490658503988557,0.003932624532877715,0.0014825623396448153,1.6,20,-55,12
20.808,1.5999999999999535,0.3490658503988557,0.0009077548448887532,0.0005566707521430699,1.6,20,-55,11
20.846,1.5999999999999535,0.3490658503988557,0.00013865134674449387,0.0005552973462879936,1.6,20,-55,11
20.92,1.5999999999999535,0.3490658503988557,-0.002862198019248517,-0.0017053624341577523,1.6,20,-55,11
20.975,1.5999999999999535,0.3490658503988557,-0.0013874224637516652,-0.0003277375898625979,1.6,20,-55,11
21.036,1.5999999999999535,0.3490658503988557,-0.002143575684597886,9.437050143354725e-05,1.6,20,-55,11
21.1,1.5999999999999535,0.3490658503988557,-0.0021366978685199234,-0.00032569789474138456,1.6,20,-55,10
21.164,1.5999999999999535,0.3490658503988557,-0.0013741114531123217,9.37486665636306e-05,1.6,20,-55,10
21.226,1.5999999999999535,0.3490658503988557,-0.002121840655965475,-0.0003234332026096602,1.6,20,-55,10
21.29,1.5999999999999535,0.3490658503988557,-0.0028060078216103766,-0.0021217711996048627,1.6,20,-55,10
21.35,1.5999999999999535,0.3490658503988557,-0.0021055511155479325,-0.0016653018160849762,1.6,20,-55,9
21.41,1.5999999999999535,0.3490658503988557,-0.001353095584197695,-0.0016584460279550736,1.6,20,-55,9
21.486,1.5999999999999535,0.3490658503988557,0.0001339011958751013,-0.001206965164964765,1.6,20,-55,9
21.524,1.5999999999999535,0.3490658503988557,0.000870578023888886,-0.0007591965925012867,1.6,20,-55,9
21.577,1.5999999999999535,0.3490658503988557,0.0008665249276066625,-0.0007556620478630034,1.6,20,-55,9
21.639,1.5999999999999535,0.3490658503988557,0.0022667507011026765,-0.0003138311774120133,1.6,20,-55,9
21.704,1.5999999999999535,0.3490658503988557,0.005106029637769668,0.0022365526073582134,1.6,20,-55,8
21.769000000000002,1.5999999999999535,0.3490658503988557,0.005079518225530965,0.0022249400292155765,1.6,20,-55,8
21.827,1.5999999999999535,0.3490658503988557,0.00505223691833797,0.0026443778305757404,1.6,20,-55,8
21.861,1.5999999999999535,0.3490658503988557,0.0036492198271979187,0.0018047150487038252,1.6,20,-56,8
21.927,1.5999999999999535,0.3490658503988557,0.002917422270275816,0.0017943770647807732,1.6,20,-56,8
21.984,1.5999999999999535,0.3490658503988557,0.0008344667124996743,0.001359760678371807,1.6,20,-56,7
22.044,1.5999999999999535,0.3490658503988557,0.00012699480725099615,0.000930048807987398,1.6,20,-56,7
22.080000000000002,1.5999999999999535,0.3490658503988557,0.0001261990737110287,0.0005054261093105472,1.6,20,-56,7
22.141000000000002,1.5999999999999535,0.3490658503988557,0.00012538563447892908,8.607258401785023e-05,1.6,20,-56,7
22.21,1.5999999999999535,0.3490658503988557,0.00012455484016246225,0.0004988409693343795,1.6,20,-56,7
22.263,1.5999999999999535,0.3490658503988557,-0.0012447104617884903,-0.00029402609333586364,1.6,20,-56,6
22.328,1.5999999999999535,0.3490658503988557,-0.001915440115248687,-0.0002919714678574713,1.6,20,-56,6
22.392,1.5999999999999535,0.3490658503988557,-0.0012271505932509945,8.372227123897287e-05,1.6,20,-56,6
22.454,1.5999999999999535,0.3490658503988557,-0.0012181281274824905,-0.0002877468017675172,1.6,20,-56,6
22.514,1.5999999999999535,0.3490658503988557,-0.0012089486776886897,8.248044670646867e-05,1.6,20,-56,6
22.581,1.5999999999999535,0.3490658503988557,-0.002467732139992121,0.003977497193480774,1.6,20,-56,5
22.64,1.5999999999999535,0.3490658503988557,-0.0018443407997418165,-0.0014587079176609733,1.6,20,-56,5
22.701,1.5999999999999535,0.3490658503988557,0.0007662405140202432,-0.0010575568282721647,1.6,20,-56,5
22.759,1.5999999999999535,0.3490658503988557,0.0013539374047966454,-0.0006626766166746072,1.6,20,-56,5
22.791,1.5999999999999535,0.3490658503988557,0.0013424749241311145,-0.0010399232656277966,1.6,20,-56,4
22.826,1.5999999999999535,0.3490658503988557,0.0013308553719523857,-0.00027183611039181837,1.6,20,-56,4
22.888,1.5999999999999535,0.3490658503988557,0.0013190828280400223,-0.0002694314895637422,1.6,20,-56,4
22.951,1.5999999999999535,0.3490658503988557,0.003171090937234065,0.0015682572731248747,1.6,20,-56,4
23.013,1.5999999999999535,0.3490658503988557,0.0025262442843599596,0.0015537808325088544,1.6,20,-56,4
23.075,1.5999999999999535,0.3490658503988557,0.0018926604875618483,0.0015391355252388928,1.6,20,-56,4
23.154,1.5999999999999535,0.3490658503988557,0.001874449656089282,0.0011619830507343392,1.6,20,-56,3
23.211000000000002,1.5999999999999535,0.3490658503988557,0.0007060909318177141,0.0011505727790681775,1.6,20,-56,3
23.273,1.5999999999999535,0.3490658503988557,0.00010703251589136132,0.0011390449751053752,1.6,20,-56,3
23.333000000000002,1.5999999999999535,0.3490658503988557,0.0006918721792841153,0.0007758432167278441,1.6,20,-56,3
23.405,1.5999999999999535,0.3490658503988557,0.00010483432207410447,0.00041986047892436244,1.6,20,-56,2
23.459,1.5999999999999535,0.3490658503988557,-0.0010436062819664503,-0.00024652116896845265,1.6,20,-56,2
23.519000000000002,1.5999999999999535,0.3490658503988557,-0.001032297846571154,-0.00024384988501680786,1.6,20,-57,2
23.583000000000002,1.5999999999999535,0.3490658503988557,-0.0004597164804244982,6.965055969421964e-05,1.6,20,-57,2
23.647000000000002,1.5999999999999535,0.3490658503988557,-0.002631309643262985,-0.0015701117577366882,1.6,20,-57,2
23.707,1.5999999999999535,0.3490658503988557,-0.002052629443670833,0.0033084335690837206,1.6,20,-57,1
23.792,1.5999999999999535,0.3490658503988557,-0.002028641147040413,-0.0015339630655959696,1.6,20,-57,1
23.846,1.5999999999999535,0.3490658503988557,-0.00043878982933874224,-0.001194320305415355,1.6,20,-57,1
23.908,1.5999999999999535,0.3490658503988557,9.566990257418352e-05,-0.0011798372863434342,1.6,20,-57,1
23.972,1.5999999999999535,0.3490658503988557,9.448832518884027e-05,-0.0008517034986391728,1.6,20,-57,1
24.033,1.5999999999999535,0.3490658503988557,0.0006093304851885992,-0.0005313729675783584,1.6,20,-57,0
24.112000000000002,1.5999999999999535,0.3490658503988557,0.0006015267340161452,-0.00021891459132691878,1.6,20,-57,0
24.175,1.5999999999999535,0.3490658503988557,0.0020633444210355644,0.0009674042915302983,1.6,20,-57,0
24.235,1.5999999999999535,0.3490658503988557,0.0010437436050179244,0.001252223738164109,1.6,20,-57,0
24.298000000000002,1.5999999999999535,0.3490658503988557,0.0010296374271951884,0.0012352999547373443,1.6,20,-57,0
24.358,1.5999999999999535,0.3490658503988557,8.726755826879059e-05,0.0012183051983690684,1.6,20,-57,-1
24.44,1.5999999999999535,0.3490658503988557,8.604548568659053e-05,0.001201244363744902,1.6,20,-57,-1
24.5,1.5999999999999535,0.3490658503988557,8.481903050732806e-05,0.0009026480381975141,1.6,20,-57,-1
24.565,1.5999999999999535,0.3490658503988557,-0.000378729625869916,0.0008895531369461747,1.6,20,-57,-1
24.599,1.5999999999999535,0.3490658503988557,8.235437478867583e-05,0.000603123779331966,1.6,20,-57,-2
24.661,1.5999999999999535,0.3490658503988557,8.111687546481607e-05,0.00032487232718909605,1.6,20,-57,-2
24.723000000000003,1.5999999999999535,0.3490658503988557,-0.0016532869257972565,0.0026647722420140947,1.6,20,-57,-2
24.795,1.5999999999999535,0.3490658503988557,-0.0016275569725178434,-0.0012306820684564528,1.6,20,-57,-2
24.837,1.5999999999999535,0.3490658503988557,-0.0016017798493708536,-0.0009543767288418132,1.6,20,-57,-2
24.894000000000002,1.5999999999999535,0.3490658503988557,-0.0011872326024716974,-0.0009389943537404479,1.6,20,-57,-2
24.954,1.5999999999999535,0.3490658503988557,-0.0007535421359890083,-0.0011721226687672285,1.6,20,-57,-3
24.991,1.5999999999999535,0.3490658503988557,-0.0011482663598552639,-0.0011525571411319386,1.6,20,-57,-3
25.046,1.5999999999999535,0.3490658503988557,-0.0007283764796191597,-0.0008927477804138657,1.6,20,-57,-3
25.108,1.5999999999999535,0.3490658503988557,-0.0003223224521120681,-0.0006412366205504182,1.6,20,-57,-3
25.17,1.5999999999999535,0.3490658503988557,6.988734701176717e-05,-0.0006299539952853578,1.6,20,-58,-3
25.234,1.5999999999999535,0.3490658503988557,0.0004482522987754437,-0.0006186729501830296,1.6,20,-58,-4
25.268,1.5999999999999535,0.3490658503988557,6.738482565449561e-05,-0.0003837782310014253,1.6,20,-58,-4
25.328,1.5999999999999535,0.3490658503988557,6.613470445109608e-05,-0.0005961282417684215,1.6,20,-58,-4
25.389,1.5999999999999535,0.3490658503988557,6.488581037487399e-05,-0.0005848708991070689,1.6,20,-58,-4
25.459,1.5999999999999535,0.3490658503988557,0.000415615342506364,0.0008884299003612018,1.6,20,-58,-4
25.526,1.5999999999999535,0.3490658503988557,0.000407481863431472,0.0008710435691432064,1.6,20,-58,-5
25.562,1.5999999999999535,0.3490658503988557,0.0003993632679077319,0.0008536890533817511,1.6,20,-58,-5
25.596,1.5999999999999535,0.3490658503988557,0.00039126184571224346,0.0008363712477624563,1.6,20,-58,-5
25.631,1.5999999999999535,0.3490658503988557,5.867201817320058e-05,0.000998822481804186,1.6,20,-58,-5
25.668,1.5999999999999535,0.3490658503988557,-0.0002602439811682075,0.0008018653456928374,1.6,20,-58,-5
25.726,1.5999999999999535,0.3490658503988557,5.620736245454833e-05,0.00041163565331966154,1.6,20,-58,-5
25.777,1.5999999999999535,0.3490658503988557,0.0003590736857548156,0.0004026536862438852,1.6,20,-58,-5
25.812,1.5999999999999535,0.3490658503988557,0.00035109247685709125,0.00039370381519834835,1.6,20,-58,-6
25.846,1.5999999999999535,0.3490658503988557,-0.0008192605585878078,-0.00047360110674722725,1.6,20,-58,-6
25.880000000000003,1.5999999999999535,0.3490658503988557,0.000335225084811303,3.523561785522569e-05,1.6,20,-58,-6
25.945,1.5999999999999535,0.3490658503988557,-0.0007815407692262794,-0.0006181285520576305,1.6,20,-58,-6
26.008,1.5999999999999535,0.3490658503988557,-0.0007628134468763548,-0.0006033169221287972,1.6,20,-58,-6
26.068,1.5999999999999535,0.3490658503988557,-0.0007441817952806448,-0.0007469626146316835,1.6,20,-58,-6
26.136,1.5999999999999535,0.3490658503988557,-0.00046825483163524795,-0.000573924987019089,1.6,20,-58,-7
26.193,1.5999999999999535,0.3490658503988557,-0.00045636608450598965,-0.0005593533294923434,1.6,20,-58,-7
26.253,1.5999999999999535,0.3490658503988557,0.0005141164815402119,0.0016205873175901336,1.6,20,-58,-7
26.319,1.5999999999999535,0.3490658503988557,0.0005005386351709603,0.00157778751167791,1.6,20,-58,-7
26.382,1.5999999999999535,0.3490658503988557,-0.00018964578976270047,-0.0003772862378410034,1.6,20,-58,-8
26.444,1.5999999999999535,0.3490658503988557,-0.00018443199830892707,-0.00023183125041459157,1.6,20,-58,-8
26.503,1.5999999999999535,0.3490658503988557,-0.00017925712661362548,-0.00022532643028111706,1.6,20,-58,-8
26.569,1.5999999999999535,0.3490658503988557,0.0006597389951200031,0.0002814445258588898,1.6,20,-58,-8
26.631,1.5999999999999535,0.3490658503988557,0.00043410792451868793,0.00039701570288689226,1.6,20,-58,-8
26.693,1.5999999999999535,0.3490658503988557,3.619207088777193e-05,0.0005052620810875065,1.6,20,-58,-9
26.756,1.5999999999999535,0.3490658503988557,3.508780251460981e-05,0.0004898458608321599,1.6,20,-58,-9
26.817,1.5999999999999535,0.3490658503988557,-0.00015402216416915274,0.00047457403380264814,1.6,20,-58,-9
26.879,1.5999999999999535,0.3490658503988557,3.291064516325263e-05,0.00035023660509604556,1.6,20,-59,-9
26.946,1.5999999999999535,0.3490658503988557,3.18384574005875e-05,0.00033882633342988393,1.6,20,-59,-9
27.006,1.5999999999999535,0.3490658503988557,0.00020100522052519698,0.00022540079156343516,1.6,20,-59,-10
27.065,1.5999999999999535,0.3490658503988557,0.0001941540166264523,0.00021771807179175659,1.6,20,-59,-10
27.128,1.5999999999999535,0.3490658503988557,-0.0002886886249018557,-0.0002586223373384518,1.6,20,-59,-10
27.189,1.5999999999999535,0.3490658503988557,-0.000278380301218281,-0.0002493876029737232,1.6,20,-59,-10
27.252000000000002,1.5999999999999535,0.3490658503988557,-0.0002682007397127584,-0.00032872507801063775,1.6,20,-59,-10
27.317,1.5999999999999535,0.3490658503988557,-0.00025815346811619403,-0.0003164104582116322,1.6,20,-59,-11
27.381,1.5999999999999535,0.3490658503988557,-0.0002482420141594929,-0.0003042623057546148,1.6,20,-59,-11
27.44,1.5999999999999535,0.3490658503988557,-0.00036955516707862544,-0.00037093610136968943,1.6,20,-59,-11
27.502000000000002,1.5999999999999535,0.3490658503988557,-0.0002288406700893033,-0.00035595798049900643,1.6,20,-59,-11
27.562,1.5999999999999535,0.3490658503988557,-0.00021935783543762576,-0.00019651219764432628,1.6,20,-59,-12
27.595000000000002,1.5999999999999535,0.3490658503988557,-0.00021002492934943357,-0.00018815129327024816,1.6,20,-59,-12
27.653000000000002,1.5999999999999535,0.3490658503988557,-0.00020084547955563303,-0.0001799278630538316,1.6,20,-59,-12
27.719,1.5999999999999535,0.3490658503988557,-8.637922680488063e-05,-0.00017184506732053966,1.6,20,-59,-12
27.778000000000002,1.5999999999999535,0.3490658503988557,0.00021159232735940556,0.00013316942509346904,1.6,20,-59,-12
27.856,1.5999999999999535,0.3490658503988557,0.00011311060001354161,0.00012683859011548127,1.6,20,-59,-13
27.916,1.5999999999999535,0.3490658503988557,1.6471552799414166e-05,0.00017529102527496384,1.6,20,-59,-13
27.979,1.5999999999999535,0.3490658503988557,1.564075848294735e-05,0.00021835396502693902,1.6,20,-59,-13
28.042,1.5999999999999535,0.3490658503988557,1.48273192508477e-05,0.00025241776699952233,1.6,20,-59,-13
28.105,1.5999999999999535,0.3490658503988557,1.4031585710880231e-05,0.00019588898958618057,1.6,20,-59,-13
28.167,1.5999999999999535,0.3490658503988557,8.655968046220226e-05,0.0001410487057924158,1.6,20,-59,-14
28.240000000000002,1.5999999999999535,0.3490658503988557,0.00014539144428921556,9.150471234534257e-05,1.6,20,-59,-14
28.294,1.5999999999999535,0.3490658503988557,0.0001367746098692869,4.707516192359525e-05,1.6,20,-59,-14
28.347,1.5999999999999535,0.3490658503988557,-0.00011100857829262737,-9.944727816143777e-05,1.6,20,-59,-14
28.384,1.5999999999999535,0.3490658503988557,0.00012021206476764143,4.1374655862770513e-05,1.6,20,-59,-14
28.448,1.5999999999999535,0.3490658503988557,-4.371681727357545e-05,-8.697136667346076e-05,1.6,20,-59,-15
28.506,1.5999999999999535,0.3490658503988557,-9.042162266059952e-05,-0.00011082689404506537,1.6,20,-60,-15
28.572,1.5999999999999535,0.3490658503988557,-8.396734499133162e-05,-0.00013060985418070082,1.6,20,-60,-15
28.639,1.5999999999999535,0.3490658503988557,-7.772296731094324e-05,-9.52625578880634e-05,1.6,20,-60,-15
28.693,1.5999999999999535,0.3490658503988557,-7.169201735034034e-05,-8.787061520214568e-05,1.6,20,-60,-15
28.754,1.5999999999999535,0.3490658503988557,-6.587802284042884e-05,-8.074458788070367e-05,1.6,20,-60,-16
28.82,1.5999999999999535,0.3490658503988557,-9.342249149018959e-05,-7.388879975080057e-05,1.6,20,-60,-16
28.881,1.5999999999999535,0.3490658503988557,-5.491501109629986e-05,-6.73075746395023e-05,1.6,20,-60,-16
28.941000000000003,1.5999999999999535,0.3490658503988557,-4.977304932389427e-05,-4.4589295324621016e-05,1.6,20,-60,-16
28.997,1.5999999999999535,0.3490658503988557,-4.486215392580171e-05,-4.018985891900883e-05,1.6,20,-60,-16
29.031000000000002,1.5999999999999535,0.3490658503988557,2.608380502288556e-05,2.9249540304390805e-05,1.6,20,-60,-17
29.061,1.5999999999999535,0.3490658503988557,3.552825351938312e-06,2.601918184754531e-05,1.6,20,-60,-17
29.095000000000002,1.5999999999999535,0.3490658503988557,2.0479193940475446e-05,3.337077708179949e-05,1.6,20,-60,-17
29.131,1.5999999999999535,0.3490658503988557,2.743038284057361e-06,2.9191540047031487e-05,1.6,20,-60,-17
29.194,1.5999999999999535,0.3490658503988557,1.5511140891938735e-05,3.315700829043067e-05,1.6,20,-60,-17
29.255000000000003,1.5999999999999535,0.3490658503988557,2.032122605904689e-06,2.8369597862145972e-05,1.6,20,-60,-17
29.317,1.5999999999999535,0.3490658503988557,1.1197964094077403e-05,2.3937052141421285e-05,1.6,20,-60,-18
29.381,1.5999999999999535,0.3490658503988557,1.6557105395561017e-05,1.986426581387342e-05,1.6,20,-60,-18
29.44,1.5999999999999535,0.3490658503988557,1.3466332394512804e-05,1.231570565509424e-05,1.6,20,-60,-18
29.503,1.5999999999999535,0.3490658503988557,9.181248672641006e-07,-5.2290160874450115e-06,1.6,20,-60,-18
29.566000000000003,1.5999999999999535,0.3490658503988557,7.05802648246556e-07,-4.01977283682581e-06,1.6,20,-60,-18
29.628,1.5999999999999535,0.3490658503988557,-2.359013931858328e-06,-4.693083313259991e-06,1.6,20,-60,-19
29.692,1.5999999999999535,0.3490658503988557,6.232120005691567e-06,1.2110952929407815e-05,1.6,20,-60,-19
29.755000000000003,1.5999999999999535,0.3490658503988557,-2.3471169624884867e-06,-2.876786273671175e-06,1.6,20,-60,-19
29.812,1.5999999999999535,0.3490658503988557,-1.3255448877579758e-06,-1.6246780195368506e-06,1.6,20,-60,-19
29.875,1.5999999999999535,0.3490658503988557,-9.16616940375682e-07,-7.249616711701855e-07,1.6,20,-60,-19
29.936,1.5999999999999535,0.3490658503988557,-2.300653851341211e-07,-2.3092508135222583e-07,1.6,20,-60,-20
29.998,1.5999999999999535,0.3490658503988557,-0.0,-0.0,1.6,20,-60,-20
30.062,1.5999999999999535,0.3490658503988557,0.0,0.0,1.6,20,-60,-20
30.124000000000002,1.5999999999999535,0.3490658503988557,7.460696614945643e-05,7.460696614945643e-05,1.6,20,-60,-20
30.185000000000002,1.5999999999999535,0.3490658503988557,0.00014452610223051457,0.00014452610223051457,1.6,20,-61,-21
30.247,1.5999999999999535,0.3490658503988557,0.0002053641317786066,0.0002053641317786066,1.6,20,-61,-21
30.308,1.5999999999999535,0.3490658503988557,0.00025329837765060453,0.00025329837765060453,1.6,20,-61,-21
30.374000000000002,1.5999999999999535,0.3490658503988557,0.00028531695488854603,0.00028531695488854603,1.6,20,-61,-21
30.431,1.5999999999999535,0.3490658503988557,0.00029940801852848146,0.00029940801852848146,1.6,20,-61,-21
30.494,1.5999999999999535,0.3490658503988557,0.00029468617521860656,0.00029468617521860656,1.6,20,-61,-22
30.572,1.5999999999999535,0.3490658503988557,0.0002714481157398058,0.0002714481157398058,1.6,20,-61,-22
30.637,1.5999999999999535,0.3490658503988557,0.00023115397283273676,0.00023115397283273676,1.6,20,-61,-22
30.671,1.5999999999999535,0.3490658503988557,0.00017633557568774196,0.00017633557568774196,1.6,20,-61,-22
30.707,1.5999999999999535,0.3490658503988557,0.00011043736580540332,0.00011043736580540332,1.6,20,-61,-22
30.743000000000002,1.5999999999999535,0.3490658503988557,3.759997006929122e-05,3.759997006929122e-05,1.6,20,-61,-23
30.824,1.5999999999999535,0.3490658503988557,-3.759997006929128e-05,-3.759997006929128e-05,1.6,20,-61,-23
30.886,1.5999999999999535,0.3490658503988557,-0.00011043736580540348,-0.00011043736580540348,1.6,20,-61,-23
30.951,1.5999999999999535,0.3490658503988557,-0.0001763355756877419,-0.0001763355756877419,1.6,20,-61,-23
31.011,1.5999999999999535,0.3490658503988557,-0.00023115397283273679,-0.00023115397283273679,1.6,20,-61,-23
31.076,1.5999999999999535,0.3490658503988557,-0.0002714481157398059,-0.0002714481157398059,1.6,20,-61,-24
31.143,1.5999999999999535,0.3490658503988557,-0.0002946861752186066,-0.0002946861752186066,1.6,20,-61,-24
31.198,1.5999999999999535,0.3490658503988557,-0.00029940801852848146,-0.00029940801852848146,1.6,20,-61,-24
31.258,1.5999999999999535,0.3490658503988557,-0.0002853169548885461,-0.0002853169548885461,1.6,20,-61,-24
31.32,1.5999999999999535,0.3490658503988557,-0.0002532983776506045,-0.0002532983776506045,1.6,20,-61,-24
31.382,1.5999999999999535,0.3490658503988557,-0.00020536413177860645,-0.00020536413177860645,1.6,20,-61,-25
31.444,1.5999999999999535,0.3490658503988557,-0.00014452610223051436,-0.00014452610223051436,1.6,20,-61,-25
31.507,1.5999999999999535,0.3490658503988557,-7.460696614945633e-05,-7.460696614945633e-05,1.6,20,-61,-25
31.565,1.5999999999999535,0.3490658503988557,-7.347880794884118e-20,-7.347880794884118e-20,1.6,20,-61,-25
31.604,1.5999999999999535,0.3490658503988557,7.460696614945646e-05,7.460696614945646e-05,1.6,20,-61,-25
31.664,1.5999999999999535,0.3490658503988557,0.00014452610223051468,0.00014452610223051468,1.6,20,-61,-26
31.727,1.5999999999999535,0.3490658503988557,0.00020536413177860678,0.00020536413177860678,1.6,20,-61,-26
31.789,1.5999999999999535,0.3490658503988557,0.00025329837765060453,0.00025329837765060453,1.6,20,-61,-26
31.85,1.5999999999999535,0.3490658503988557,0.00028531695488854603,0.00028531695488854603,1.6,20,-62,-26
31.912000000000003,1.5999999999999535,0.3490658503988557,0.00029940801852848146,0.00029940801852848146,1.6,20,-62,-26
31.974999999999998,1.5999999999999535,0.3490658503988557,0.00029468617521860656,0.00029468617521860656,1.6,20,-62,-27
32.035999999999994,1.5999999999999535,0.3490658503988557,0.00027144811573980574,0.00027144811573980574,1.6,20,-62,-27
32.071999999999996,1.5999999999999535,0.3490658503988557,0.00023115397283273657,0.00023115397283273657,1.6,20,-62,-27
32.128,1.5999999999999535,0.3490658503988557,0.00017633557568774198,0.00017633557568774198,1.6,20,-62,-27
32.19,1.5999999999999535,0.3490658503988557,0.00011043736580540338,0.00011043736580540338,1.6,20,-62,-27
32.253,1.5999999999999535,0.3490658503988557,3.759997006929117e-05,3.759997006929117e-05,1.6,20,-62,-28
32.312,1.5999999999999535,0.3490658503988557,-3.759997006929147e-05,-3.759997006929147e-05,1.6,20,-62,-28
32.376999999999995,1.5999999999999535,0.3490658503988557,-0.00011043736580540367,-0.00011043736580540367,1.6,20,-62,-28
32.436,1.5999999999999535,0.3490658503988557,-0.00017633557568774182,-0.00017633557568774182,1.6,20,-62,-28
32.5,1.5999999999999535,0.3490658503988557,-0.00023115397283273708,-0.00023115397283273708,1.6,20,-62,-28
32.65,1.5999999999999535,0.3490658503988557,-0.0002714481157398059,-0.0002714481157398059,1.6,20,-62,-29
32.689,1.5999999999999535,0.3490658503988557,-0.0002946861752186065,-0.0002946861752186065,1.6,20,-62,-29
32.748999999999995,1.5999999999999535,0.3490658503988557,-0.0002994080185284814,-0.0002994080185284814,1.6,20,-62,-29
32.821999999999996,1.5999999999999535,0.3490658503988557,-0.0002853169548885461,-0.0002853169548885461,1.6,20,-62,-29
32.872,1.5999999999999535,0.3490658503988557,-0.00025329837765060426,-0.00025329837765060426,1.6,20,-62,-30
32.939,1.5999999999999535,0.3490658503988557,-0.00020536413177860654,-0.00020536413177860654,1.6,20,-62,-30
32.998,1.5999999999999535,0.3490658503988557,-0.0001445261022305144,-0.0001445261022305144,1.6,20,-62,-30
33.062,1.5999999999999535,0.3490658503988557,-7.460696614945616e-05,-7.460696614945616e-05,1.6,20,-62,-30
33.120999999999995,1.5999999999999535,0.3490658503988557,-1.4695761589768237e-19,-1.4695761589768237e-19,1.6,20,-62,-31
33.181999999999995,1.5999999999999535,0.3490658503988557,7.46069661494569e-05,7.46069661494569e-05,1.6,20,-62,-31
33.25,1.5999999999999535,0.3490658503988557,0.00014452610223051463,0.00014452610223051463,1.6,20,-62,-31
33.306999999999995,1.5999999999999535,0.3490658503988557,0.0002053641317786067,0.0002053641317786067,1.6,20,-62,-31
33.385999999999996,1.5999999999999535,0.3490658503988557,0.00025329837765060464,0.00025329837765060464,1.6,20,-62,-31
33.446,1.5999999999999535,0.3490658503988557,0.000285316954888546,0.000285316954888546,1.6,20,-62,-32
33.507999999999996,1.5999999999999535,0.3490658503988557,0.00029940801852848146,0.00029940801852848146,1.6,20,-63,-32
33.567,1.5999999999999535,0.3490658503988557,0.00029468617521860656,0.00029468617521860656,1.6,20,-63,-32
33.626,1.5999999999999535,0.3490658503988557,0.0002714481157398058,0.0002714481157398058,1.6,20,-63,-32
33.660999999999994,1.5999999999999535,0.3490658503988557,0.0002311539728327366,0.0002311539728327366,1.6,20,-63,-32
33.724999999999994,1.5999999999999535,0.3490658503988557,0.00017633557568774206,0.00017633557568774206,1.6,20,-63,-33
33.787,1.5999999999999535,0.3490658503988557,0.00011043736580540295,0.00011043736580540295,1.6,20,-63,-33
33.848,1.5999999999999535,0.3490658503988557,3.759997006929124e-05,3.759997006929124e-05,1.6,20,-63,-33
33.912,1.5999999999999535,0.3490658503988557,-3.7599970069291405e-05,-3.7599970069291405e-05,1.6,20,-63,-33
33.974,1.5999999999999535,0.3490658503988557,-0.0001104373658054036,-0.0001104373658054036,1.6,20,-63,-33
34.035,1.5999999999999535,0.3490658503988557,-0.00017633557568774177,-0.00017633557568774177,1.6,20,-63,-34
34.101,1.5999999999999535,0.3490658503988557,-0.00023115397283273703,-0.00023115397283273703,1.6,20,-63,-34
34.163,1.5999999999999535,0.3490658503988557,-0.00027144811573980585,-0.00027144811573980585,1.6,20,-63,-34
34.233999999999995,1.5999999999999535,0.3490658503988557,-0.00029468617521860666,-0.00029468617521860666,1.6,20,-63,-34
34.288,1.5999999999999535,0.3490658503988557,-0.00029940801852848146,-0.00029940801852848146,1.6,20,-63,-35
34.348,1.5999999999999535,0.3490658503988557,-0.0002853169548885461,-0.0002853169548885461,1.6,20,-63,-35
34.407,1.5999999999999535,0.3490658503988557,-0.00025329837765060426,-0.00025329837765060426,1.6,20,-63,-35
34.471,1.5999999999999535,0.3490658503988557,-0.00020536413177860656,-0.00020536413177860656,1.6,20,-63,-35
34.504999999999995,1.5999999999999535,0.3490658503988557,-0.00014452610223051403,-0.00014452610223051403,1.6,20,-63,-35
34.565999999999995,1.5999999999999535,0.3490658503988557,-7.460696614945623e-05,-7.460696614945623e-05,1.6,20,-63,-35
34.623999999999995,1.5999999999999535,0.3490658503988557,-2.2043642384652355e-19,-2.2043642384652355e-19,1.6,20,-63,-36
34.693999999999996,1.5999999999999535,0.3490658503988557,7.460696614945684e-05,7.460696614945684e-05,1.6,20,-63,-36
34.747,1.5999999999999535,0.3490658503988557,0.00014452610223051455,0.00014452610223051455,1.6,20,-63,-36
34.808,1.5999999999999535,0.3490658503988557,0.00020536413177860702,0.00020536413177860702,1.6,20,-63,-36
34.869,1.5999999999999535,0.3490658503988557,0.0002532983776506046,0.0002532983776506046,1.6,20,-63,-37
34.946,1.5999999999999535,0.3490658503988557,0.000285316954888546,0.000285316954888546,1.6,20,-63,-37
35.001999999999995,1.5999999999999535,0.3490658503988557,0.0002994080185284814,0.0002994080185284814,1.6,20,-63,-37
35.050999999999995,1.5999999999999535,0.3490658503988557,0.0002946861752186064,0.0002946861752186064,1.6,20,-63,-37
35.107,1.5999999999999535,0.3490658503988557,0.0002714481157398056,0.0002714481157398056,1.6,20,-63,-37
35.163999999999994,1.5999999999999535,0.3490658503988557,0.00023115397283273662,0.00023115397283273662,1.6,20,-64,-38
35.196,1.5999999999999535,0.3490658503988557,0.00017633557568774212,0.00017633557568774212,1.6,20,-64,-38
35.233999999999995,1.5999999999999535,0.3490658503988557,0.00011043736580540402,0.00011043736580540402,1.6,20,-64,-38
35.311,1.5999999999999535,0.3490658503988557,3.759997006929026e-05,3.759997006929026e-05,1.6,20,-64,-38
35.372,1.5999999999999535,0.3490658503988557,-3.759997006929186e-05,-3.759997006929186e-05,1.6,20,-64,-38
35.434,1.5999999999999535,0.3490658503988557,-0.00011043736580540353,-0.00011043736580540353,1.6,20,-64,-38
35.498,1.5999999999999535,0.3490658503988557,-0.00017633557568774174,-0.00017633557568774174,1.6,20,-64,-39
35.562999999999995,1.5999999999999535,0.3490658503988557,-0.0002311539728327363,-0.0002311539728327363,1.6,20,-64,-39
35.623,1.5999999999999535,0.3490658503988557,-0.00027144811573980623,-0.00027144811573980623,1.6,20,-64,-39
35.683,1.5999999999999535,0.3490658503988557,-0.00029468617521860666,-0.00029468617521860666,1.6,20,-64,-39
35.745999999999995,1.5999999999999535,0.3490658503988557,-0.00029940801852848146,-0.00029940801852848146,1.6,20,-64,-39
35.782,1.5999999999999535,0.3490658503988557,-0.00028531695488854614,-0.00028531695488854614,1.6,20,-64,-40
35.855999999999995,1.5999999999999535,0.3490658503988557,-0.0002532983776506043,-0.0002532983776506043,1.6,20,-64,-40
35.921,1.5999999999999535,0.3490658503988557,-0.00020536413177860586,-0.00020536413177860586,1.6,20,-64,-40
35.958,1.5999999999999535,0.3490658503988557,-0.00014452610223051406,-0.00014452610223051406,1.6,20,-64,-40
36.010999999999996,1.5999999999999535,0.3490658503988557,-7.460696614945629e-05,-7.460696614945629e-05,1.6,20,-64,-40
36.071999999999996,1.5999999999999535,0.3490658503988557,-2.9391523179536474e-19,-2.9391523179536474e-19,1.6,20,-64,-41
36.105999999999995,1.5999999999999535,0.3490658503988557,7.460696614945677e-05,7.460696614945677e-05,1.6,20,-64,-41
36.143,1.5999999999999535,0.3490658503988557,0.00014452610223051544,0.00014452610223051544,1.6,20,-64,-41
36.178999999999995,1.5999999999999535,0.3490658503988557,0.00020536413177860697,0.00020536413177860697,1.6,20,-64,-41
36.233,1.5999999999999535,0.3490658503988557,0.0002532983776506046,0.0002532983776506046,1.6,20,-64,-41
36.268,1.5999999999999535,0.3490658503988557,0.000285316954888546,0.000285316954888546,1.6,20,-64,-41
36.305,1.5999999999999535,0.3490658503988557,0.00029940801852848146,0.00029940801852848146,1.6,20,-64,-41
36.367999999999995,1.5999999999999535,0.3490658503988557,0.0002946861752186064,0.0002946861752186064,1.6,20,-64,-42
36.437,1.5999999999999535,0.3490658503988557,0.00027144811573980563,0.00027144811573980563,1.6,20,-64,-42
36.492,1.5999999999999535,0.3490658503988557,0.00023115397283273668,0.00023115397283273668,1.6,20,-64,-42
36.553999999999995,1.5999999999999535,0.3490658503988557,0.0001763355756877422,0.0001763355756877422,1.6,20,-64,-42
36.613,1.5999999999999535,0.3490658503988557,0.00011043736580540309,0.00011043736580540309,1.6,20,-64,-42
36.683,1.5999999999999535,0.3490658503988557,3.759997006929033e-05,3.759997006929033e-05,1.6,20,-64,-43
36.739,1.5999999999999535,0.3490658503988557,-3.759997006929179e-05,-3.759997006929179e-05,1.6,20,-64,-43
36.806,1.5999999999999535,0.3490658503988557,-0.00011043736580540346,-0.00011043736580540346,1.6,20,-64,-43
36.861,1.5999999999999535,0.3490658503988557,-0.00017633557568774166,-0.00017633557568774166,1.6,20,-65,-43
36.931,1.5999999999999535,0.3490658503988557,-0.00023115397283273692,-0.00023115397283273692,1.6,20,-65,-44
36.992999999999995,1.5999999999999535,0.3490658503988557,-0.00027144811573980623,-0.00027144811573980623,1.6,20,-65,-44
37.05,1.5999999999999535,0.3490658503988557,-0.00029468617521860666,-0.00029468617521860666,1.6,20,-65,-44
37.113,1.5999999999999535,0.3490658503988557,-0.00029940801852848146,-0.00029940801852848146,1.6,20,-65,-44
37.147999999999996,1.5999999999999535,0.3490658503988557,-0.00028531695488854614,-0.00028531695488854614,1.6,20,-65,-44
37.205999999999996,1.5999999999999535,0.3490658503988557,-0.0002532983776506043,-0.0002532983776506043,1.6,20,-65,-45
37.256,1.5999999999999535,0.3490658503988557,-0.0002053641317786059,-0.0002053641317786059,1.6,20,-65,-45
37.306999999999995,1.5999999999999535,0.3490658503988557,-0.00014452610223051414,-0.00014452610223051414,1.6,20,-65,-45
37.367,1.5999999999999535,0.3490658503988557,-7.460696614945637e-05,-7.460696614945637e-05,1.6,20,-65,-45
37.43,1.5999999999999535,0.3490658503988557,-3.6739403974420597e-19,-3.6739403974420597e-19,1.6,20,-65,-45
37.492999999999995,1.5999999999999535,0.3490658503988557,7.460696614945669e-05,7.460696614945669e-05,1.6,20,-65,-45
37.544,1.5999999999999535,0.3490658503988557,0.00014452610223051536,0.00014452610223051536,1.6,20,-65,-46
37.577999999999996,1.5999999999999535,0.3490658503988557,0.00020536413177860694,0.00020536413177860694,1.6,20,-65,-46
37.61,1.5999999999999535,0.3490658503988557,0.00025329837765060453,0.00025329837765060453,1.6,20,-65,-46
37.644,1.5999999999999535,0.3490658503988557,0.0002853169548885459,0.0002853169548885459,1.6,20,-65,-46
37.675999999999995,1.5999999999999535,0.3490658503988557,0.0002994080185284815,0.0002994080185284815,1.6,20,-65,-46
37.739,1.5999999999999535,0.3490658503988557,0.00029468617521860645,0.00029468617521860645,1.6,20,-65,-46
37.8,1.5999999999999535,0.3490658503988557,0.00027144811573980563,0.00027144811573980563,1.6,20,-65,-47
37.861,1.5999999999999535,0.3490658503988557,0.00023115397283273673,0.00023115397283273673,1.6,20,-65,-47
37.925,1.5999999999999535,0.3490658503988557,0.00017633557568774225,0.00017633557568774225,1.6,20,-65,-47
37.988,1.5999999999999535,0.3490658503988557,0.00011043736580540216,0.00011043736580540216,1.6,20,-65,-47
38.047999999999995,1.5999999999999535,0.3490658503988557,3.75999700692904e-05,3.75999700692904e-05,1.6,20,-65,-47
38.120999999999995,1.5999999999999535,0.3490658503988557,-3.759997006929172e-05,-3.759997006929172e-05,1.6,20,-65,-48
38.172999999999995,1.5999999999999535,0.3490658503988557,-0.0001104373658054034,-0.0001104373658054034,1.6,20,-65,-48
38.235,1.5999999999999535,0.3490658503988557,-0.0001763355756877416,-0.0001763355756877416,1.6,20,-65,-48
38.275,1.5999999999999535,0.3490658503988557,-0.00023115397283273754,-0.00023115397283273754,1.6,20,-65,-48
38.327999999999996,1.5999999999999535,0.3490658503988557,-0.00027144811573980623,-0.00027144811573980623,1.6,20,-65,-48
38.39,1.5999999999999535,0.3490658503988557,-0.00029468617521860666,-0.00029468617521860666,1.6,20,-65,-49
38.452,1.5999999999999535,0.3490658503988557,-0.00029940801852848146,-0.00029940801852848146,1.6,20,-65,-49
38.513,1.5999999999999535,0.3490658503988557,-0.00028531695488854614,-0.00028531695488854614,1.6,20,-66,-49
38.576,1.5999999999999535,0.3490658503988557,-0.0002532983776506038,-0.0002532983776506038,1.6,20,-66,-49
38.646,1.5999999999999535,0.3490658503988557,-0.00020536413177860597,-0.00020536413177860597,1.6,20,-66,-49
38.701,1.5999999999999535,0.3490658503988557,-0.0001445261022305142,-0.0001445261022305142,1.6,20,-66,-50
38.733999999999995,1.5999999999999535,0.3490658503988557,-7.460696614945644e-05,-7.460696614945644e-05,1.6,20,-66,-50
38.796,1.5999999999999535,0.3490658503988557,-4.408728476930471e-19,-4.408728476930471e-19,1.6,20,-66,-50
38.867,1.5999999999999535,0.3490658503988557,7.460696614945765e-05,7.460696614945765e-05,1.6,20,-66,-50
38.927,1.5999999999999535,0.3490658503988557,0.0001445261022305153,0.0001445261022305153,1.6,20,-66,-50
38.983999999999995,1.5999999999999535,0.3490658503988557,0.00020536413177860686,0.00020536413177860686,1.6,20,-66,-51
39.05,1.5999999999999535,0.3490658503988557,0.00025329837765060453,0.00025329837765060453,1.6,20,-66,-51
39.108999999999995,1.5999999999999535,0.3490658503988557,0.0002853169548885459,0.0002853169548885459,1.6,20,-66,-51
39.172,1.5999999999999535,0.3490658503988557,0.0002994080185284815,0.0002994080185284815,1.6,20,-66,-51
39.230999999999995,1.5999999999999535,0.3490658503988557,0.00029468617521860645,0.00029468617521860645,1.6,20,-66,-51
39.263,1.5999999999999535,0.3490658503988557,0.0002714481157398057,0.0002714481157398057,1.6,20,-66,-52
39.299,1.5999999999999535,0.3490658503988557,0.00023115397283273679,0.00023115397283273679,1.6,20,-66,-52
39.358,1.5999999999999535,0.3490658503988557,0.00017633557568774228,0.00017633557568774228,1.6,20,-66,-52
39.422,1.5999999999999535,0.3490658503988557,0.00011043736580540223,0.00011043736580540223,1.6,20,-66,-52
39.488,1.5999999999999535,0.3490658503988557,3.759997006929259e-05,3.759997006929259e-05,1.6,20,-66,-52
39.552,1.5999999999999535,0.3490658503988557,-3.759997006929164e-05,-3.759997006929164e-05,1.6,20,-66,-52
39.613,1.5999999999999535,0.3490658503988557,-0.00011043736580540531,-0.00011043736580540531,1.6,20,-66,-53
39.675999999999995,1.5999999999999535,0.3490658503988557,-0.00017633557568774152,-0.00017633557568774152,1.6,20,-66,-53
39.738,1.5999999999999535,0.3490658503988557,-0.00023115397283273752,-0.00023115397283273752,1.6,20,-66,-53
39.808,1.5999999999999535,0.3490658503988557,-0.00027144811573980525,-0.00027144811573980525,1.6,20,-66,-53
39.857,1.5999999999999535,0.3490658503988557,-0.00029468617521860666,-0.00029468617521860666,1.6,20,-66,-54
39.901999999999994,1.5999999999999535,0.3490658503988557,-0.0002994080185284813,-0.0002994080185284813,1.6,20,-66,-54
39.971,1.5999999999999535,0.3490658503988557,-0.0002853169548885462,-0.0002853169548885462,1.6,20,-66,-54
40.021,1.5999999999999535,0.3490658503988557,-0.0002532983776506039,-0.0002532983776506039,1.6,20,-66,-54
40.083999999999996,1.5999999999999535,0.3490658503988557,-0.00020536413177860757,-0.00020536413177860757,1.6,20,-66,-54
40.165,1.5999999999999535,0.3490658503988557,-0.00014452610223051427,-0.00014452610223051427,1.6,20,-67,-55
40.217999999999996,1.5999999999999535,0.3490658503988557,-7.460696614945445e-05,-7.460696614945445e-05,1.6,20,-67,-55
40.293,1.5999999999999535,0.3490658503988557,-5.143516556418883e-19,-5.143516556418883e-19,1.6,20,-67,-55
40.364,1.5999999999999535,0.3490658503988557,7.460696614945758e-05,7.460696614945758e-05,1.6,20,-67,-55
40.416999999999994,1.5999999999999535,0.3490658503988557,0.00014452610223051338,0.00014452610223051338,1.6,20,-67,-55
40.482,1.5999999999999535,0.3490658503988557,0.0002053641317786068,0.0002053641317786068,1.6,20,-67,-56
40.535999999999994,1.5999999999999535,0.3490658503988557,0.0002532983776506056,0.0002532983776506056,1.6,20,-67,-56
40.582,1.5999999999999535,0.3490658503988557,0.00028531695488854587,0.00028531695488854587,1.6,20,-67,-56
40.637,1.5999999999999535,0.3490658503988557,0.0002994080185284815,0.0002994080185284815,1.6,20,-67,-56
40.702,1.5999999999999535,0.3490658503988557,0.0002946861752186068,0.0002946861752186068,1.6,20,-67,-56
40.760999999999996,1.5999999999999535,0.3490658503988557,0.00027144811573980574,0.00027144811573980574,1.6,20,-67,-57
40.791999999999994,1.5999999999999535,0.3490658503988557,0.00023115397283273546,0.00023115397283273546,1.6,20,-67,-57
40.857,1.5999999999999535,0.3490658503988557,0.00017633557568774236,0.00017633557568774236,1.6,20,-67,-57
40.919999999999995,1.5999999999999535,0.3490658503988557,0.0001104373658054023,0.0001104373658054023,1.6,20,-67,-57
40.985,1.5999999999999535,0.3490658503988557,3.7599970069292666e-05,3.7599970069292666e-05,1.6,20,-67,-57
41.055,1.5999999999999535,0.3490658503988557,-3.759997006929157e-05,-3.759997006929157e-05,1.6,20,-67,-58
41.107,1.5999999999999535,0.3490658503988557,-0.00011043736580540525,-0.00011043736580540525,1.6,20,-67,-58
41.177,1.5999999999999535,0.3490658503988557,-0.00017633557568774147,-0.00017633557568774147,1.6,20,-67,-58
41.235,1.5999999999999535,0.3490658503988557,-0.0002311539728327375,-0.0002311539728327375,1.6,20,-67,-58
41.294,1.5999999999999535,0.3490658503988557,-0.0002714481157398062,-0.0002714481157398062,1.6,20,-67,-58
41.355,1.5999999999999535,0.3490658503988557,-0.0002946861752186066,-0.0002946861752186066,1.6,20,-67,-59
41.391999999999996,1.5999999999999535,0.3490658503988557,-0.0002994080185284813,-0.0002994080185284813,1.6,20,-67,-59
41.455999999999996,1.5999999999999535,0.3490658503988557,-0.00028531695488854625,-0.00028531695488854625,1.6,20,-67,-59
41.513,1.5999999999999535,0.3490658503988557,-0.0002532983776506039,-0.0002532983776506039,1.6,20,-67,-59
41.583999999999996,1.5999999999999535,0.3490658503988557,-0.00020536413177860607,-0.00020536413177860607,1.6,20,-67,-59
41.638999999999996,1.5999999999999535,0.3490658503988557,-0.00014452610223051433,-0.00014452610223051433,1.6,20,-67,-60
41.702,1.5999999999999535,0.3490658503988557,-7.460696614945452e-05,-7.460696614945452e-05,1.6,20,-67,-60
41.766,1.5999999999999535,0.3490658503988557,-5.878304635907295e-19,-5.878304635907295e-19,1.6,20,-67,-60
41.826,1.5999999999999535,0.3490658503988557,7.460696614945751e-05,7.460696614945751e-05,1.6,20,-68,-60
41.894,1.5999999999999535,0.3490658503988557,0.00014452610223051517,0.00014452610223051517,1.6,20,-68,-60
41.954,1.5999999999999535,0.3490658503988557,0.00020536413177860678,0.00020536413177860678,1.6,20,-68,-61
42.021,1.5999999999999535,0.3490658503988557,0.00025329837765060556,0.00025329837765060556,1.6,20,-68,-61
42.079,1.5999999999999535,0.3490658503988557,0.00028531695488854587,0.00028531695488854587,1.6,20,-68,-61
42.143,1.5999999999999535,0.3490658503988557,0.0002994080185284815,0.0002994080185284815,1.6,20,-68,-61
42.202999999999996,1.5999999999999535,0.3490658503988557,0.00029468617521860645,0.00029468617521860645,1.6,20,-68,-62
42.239999999999995,1.5999999999999535,0.3490658503988557,0.00027144811573980574,0.00027144811573980574,1.6,20,-68,-62
42.297,1.5999999999999535,0.3490658503988557,0.0002311539728327355,0.0002311539728327355,1.6,20,-68,-62
42.36,1.5999999999999535,0.3490658503988557,0.00017633557568774242,0.00017633557568774242,1.6,20,-68,-62
42.394,1.5999999999999535,0.3490658503988557,0.00011043736580540237,0.00011043736580540237,1.6,20,-68,-62
42.457,1.5999999999999535,0.3490658503988557,3.759997006929062e-05,3.759997006929062e-05,1.6,20,-68,-62
42.518,1.5999999999999535,0.3490658503988557,-3.75999700692915e-05,-3.75999700692915e-05,1.6,20,-68,-63
42.580999999999996,1.5999999999999535,0.3490658503988557,-0.00011043736580540516,-0.00011043736580540516,1.6,20,-68,-63
42.643,1.5999999999999535,0.3490658503988557,-0.00017633557568774139,-0.00017633557568774139,1.6,20,-68,-63
42.702999999999996,1.5999999999999535,0.3490658503988557,-0.0002311539728327374,-0.0002311539728327374,1.6,20,-68,-63
42.766999999999996,1.5999999999999535,0.3490658503988557,-0.0002714481157398061,-0.0002714481157398061,1.6,20,-68,-63
42.827999999999996,1.5999999999999535,0.3490658503988557,-0.0002946861752186066,-0.0002946861752186066,1.6,20,-68,-64
42.89,1.5999999999999535,0.3490658503988557,-0.0002994080185284813,-0.0002994080185284813,1.6,20,-68,-64
42.949999999999996,1.5999999999999535,0.3490658503988557,-0.00028531695488854625,-0.00028531695488854625,1.6,20,-68,-64
43.012,1.5999999999999535,0.3490658503988557,-0.00025329837765060393,-0.00025329837765060393,1.6,20,-68,-64
43.073,1.5999999999999535,0.3490658503988557,-0.00020536413177860613,-0.00020536413177860613,1.6,20,-68,-65
43.108999999999995,1.5999999999999535,0.3490658503988557,-0.0001445261022305144,-0.0001445261022305144,1.6,20,-68,-65
43.144,1.5999999999999535,0.3490658503988557,-7.460696614945459e-05,-7.460696614945459e-05,1.6,20,-68,-65
43.205,1.5999999999999535,0.3490658503988557,-6.613092715395707e-19,-6.613092715395707e-19,1.6,20,-68,-65
43.260999999999996,1.5999999999999535,0.3490658503988557,7.460696614945745e-05,7.460696614945745e-05,1.6,20,-68,-65
43.302,1.5999999999999535,0.3490658503988557,0.0001445261022305151,0.0001445261022305151,1.6,20,-68,-65
43.337999999999994,1.5999999999999535,0.3490658503988557,0.0002053641317786067,0.0002053641317786067,1.6,20,-68,-66
43.401999999999994,1.5999999999999535,0.3490658503988557,0.0002532983776506055,0.0002532983776506055,1.6,20,-68,-66
43.457,1.5999999999999535,0.3490658503988557,0.0002853169548885458,0.0002853169548885458,1.6,20,-68,-66
43.494,1.5999999999999535,0.3490658503988557,0.0002994080185284815,0.0002994080185284815,1.6,20,-69,-66
43.558,1.5999999999999535,0.3490658503988557,0.00029468617521860645,0.00029468617521860645,1.6,20,-69,-66
43.617,1.5999999999999535,0.3490658503988557,0.00027144811573980574,0.00027144811573980574,1.6,20,-69,-59
43.681,1.5999999999999535,0.3490658503988557,0.00023115397283273557,0.00023115397283273557,1.6,20,-69,-59
43.742,1.5999999999999535,0.3490658503988557,0.0001763355756877425,0.0001763355756877425,1.6,20,-69,-59
43.803999999999995,1.5999999999999535,0.3490658503988557,0.00011043736580540243,0.00011043736580540243,1.6,20,-69,-60
43.864,1.5999999999999535,0.3490658503988557,3.7599970069290694e-05,3.7599970069290694e-05,1.6,20,-69,-60
43.922,1.5999999999999535,0.3490658503988557,-3.7599970069291426e-05,-3.7599970069291426e-05,1.6,20,-69,-60
43.957,1.5999999999999535,0.3490658503988557,-0.0001104373658054051,-0.0001104373658054051,1.6,20,-69,-49
43.991,1.5999999999999535,0.3490658503988557,-0.00017633557568774136,-0.00017633557568774136,1.6,20,-69,-49
44.050999999999995,1.5999999999999535,0.3490658503988557,-0.00023115397283273738,-0.00023115397283273738,1.6,20,-69,-49
44.116,1.5999999999999535,0.3490658503988557,-0.00027144811573980607,-0.00027144811573980607,1.6,20,-69,-49
44.178999999999995,1.5999999999999535,0.3490658503988557,-0.0002946861752186066,-0.0002946861752186066,1.6,20,-69,-49
44.239999999999995,1.5999999999999535,0.3490658503988557,-0.00029940801852848135,-0.00029940801852848135,1.6,20,-69,-49
44.306999999999995,1.5999999999999535,0.3490658503988557,-0.00028531695488854625,-0.00028531695488854625,1.6,20,-69,-40
44.367,1.5999999999999535,0.3490658503988557,-0.000253298377650604,-0.000253298377650604,1.6,20,-69,-41
44.428999999999995,1.5999999999999535,0.3490658503988557,-0.00020536413177860616,-0.00020536413177860616,1.6,20,-69,-41
44.489999999999995,1.5999999999999535,0.3490658503988557,-0.00014452610223051446,-0.00014452610223051446,1.6,20,-69,-41
44.523999999999994,1.5999999999999535,0.3490658503988557,-7.460696614945465e-05,-7.460696614945465e-05,1.6,20,-69,-41
44.582,1.5999999999999535,0.3490658503988557,-7.347880794884119e-19,-7.347880794884119e-19,1.6,20,-69,-38
44.644,1.5999999999999535,0.3490658503988557,7.460696614945736e-05,7.460696614945736e-05,1.6,20,-69,-39
44.704,1.5999999999999535,0.3490658503988557,0.00014452610223051503,0.00014452610223051503,1.6,20,-69,-39
44.762,1.5999999999999535,0.3490658503988557,0.00020536413177860667,0.00020536413177860667,1.6,20,-69,-39
44.833,1.5999999999999535,0.3490658503988557,0.00025329837765060545,0.00025329837765060545,1.6,20,-69,-39
44.888999999999996,1.5999999999999535,0.3490658503988557,0.00028531695488854516,0.00028531695488854516,1.6,20,-69,-39
44.948,1.5999999999999535,0.3490658503988557,0.0002994080185284815,0.0002994080185284815,1.6,20,-69,-39
44.982,1.5999999999999535,0.3490658503988557,0.0002946861752186065,0.0002946861752186065,1.6,20,-69,-39
45.047,1.5999999999999535,0.3490658503988557,0.0002714481157398058,0.0002714481157398058,1.6,20,-69,-39
45.108,1.5999999999999535,0.3490658503988557,0.00023115397283273695,0.00023115397283273695,1.6,20,-69,-39
45.175999999999995,1.5999999999999535,0.3490658503988557,0.00017633557568774252,0.00017633557568774252,1.6,20,-70,-39
45.244,1.5999999999999535,0.3490658503988557,0.00011043736580540448,0.00011043736580540448,1.6,20,-70,-39
45.291999999999994,1.5999999999999535,0.3490658503988557,3.7599970069288654e-05,3.7599970069288654e-05,1.6,20,-70,-41
45.357,1.5999999999999535,0.3490658503988557,-3.759997006928924e-05,-3.759997006928924e-05,1.6,20,-70,-41
45.421,1.5999999999999535,0.3490658503988557,-0.00011043736580540504,-0.00011043736580540504,1.6,20,-70,-41
45.477,1.5999999999999535,0.3490658503988557,-0.000176335575687743,-0.000176335575687743,1.6,20,-70,-42
45.510999999999996,1.5999999999999535,0.3490658503988557,-0.00023115397283273736,-0.00023115397283273736,1.6,20,-70,-42
45.601,1.5999999999999535,0.3490658503988557,-0.00027144811573980607,-0.00027144811573980607,1.6,20,-70,-42
45.654999999999994,1.5999999999999535,0.3490658503988557,-0.0002946861752186066,-0.0002946861752186066,1.6,20,-70,-43
45.718999999999994,1.5999999999999535,0.3490658503988557,-0.00029940801852848146,-0.00029940801852848146,1.6,20,-70,-43
45.778999999999996,1.5999999999999535,0.3490658503988557,-0.0002853169548885463,-0.0002853169548885463,1.6,20,-70,-43
45.814,1.5999999999999535,0.3490658503988557,-0.0002532983776506052,-0.0002532983776506052,1.6,20,-70,-44
45.873,1.5999999999999535,0.3490658503988557,-0.00020536413177860466,-0.00020536413177860466,1.6,20,-70,-44
45.94,1.5999999999999535,0.3490658503988557,-0.0001445261022305164,-0.0001445261022305164,1.6,20,-70,-45
45.992999999999995,1.5999999999999535,0.3490658503988557,-7.460696614945473e-05,-7.460696614945473e-05,1.6,20,-70,-45
46.026999999999994,1.5999999999999535,0.3490658503988557,-2.9398950947175534e-18,-2.9398950947175534e-18,1.6,20,-70,-45
46.062,1.5999999999999535,0.3490658503988557,7.46069661494573e-05,7.46069661494573e-05,1.6,20,-70,-45
46.096999999999994,1.5999999999999535,0.3490658503988557,0.00014452610223051498,0.00014452610223051498,1.6,20,-70,-45
46.131,1.5999999999999535,0.3490658503988557,0.0002053641317786066,0.0002053641317786066,1.6,20,-70,-45
46.198,1.5999999999999535,0.3490658503988557,0.0002532983776506043,0.0002532983776506043,1.6,20,-70,-45
46.268,1.5999999999999535,0.3490658503988557,0.0002853169548885458,0.0002853169548885458,1.6,20,-70,-46
46.32,1.5999999999999535,0.3490658503988557,0.00029940801852848135,0.00029940801852848135,1.6,20,-70,-46
46.384,1.5999999999999535,0.3490658503988557,0.00029468617521860607,0.00029468617521860607,1.6,20,-70,-46
46.445,1.5999999999999535,0.3490658503988557,0.00027144811573980677,0.00027144811573980677,1.6,20,-70,-46
46.503,1.5999999999999535,0.3490658503988557,0.00023115397283273565,0.00023115397283273565,1.6,20,-70,-46
46.537,1.5999999999999535,0.3490658503988557,0.00017633557568774087,0.00017633557568774087,1.6,20,-70,-47
46.592999999999996,1.5999999999999535,0.3490658503988557,0.00011043736580540257,0.00011043736580540257,1.6,20,-70,-47
46.628,1.5999999999999535,0.3490658503988557,3.759997006929084e-05,3.759997006929084e-05,1.6,20,-70,-47
46.663,1.5999999999999535,0.3490658503988557,-3.7599970069291277e-05,-3.7599970069291277e-05,1.6,20,-70,-47
46.736999999999995,1.5999999999999535,0.3490658503988557,-0.00011043736580540298,-0.00011043736580540298,1.6,20,-70,-47
46.784,1.5999999999999535,0.3490658503988557,-0.00017633557568774122,-0.00017633557568774122,1.6,20,-71,-47
46.846,1.5999999999999535,0.3490658503988557,-0.00023115397283273592,-0.00023115397283273592,1.6,20,-71,-47
46.906,1.5999999999999535,0.3490658503988557,-0.00027144811573980693,-0.00027144811573980693,1.6,20,-71,-48
46.97,1.5999999999999535,0.3490658503988557,-0.0002946861752186062,-0.0002946861752186062,1.6,20,-71,-48
47.031,1.5999999999999535,0.3490658503988557,-0.00029940801852848135,-0.00029940801852848135,1.6,20,-71,-48
47.067,1.5999999999999535,0.3490658503988557,-0.00028531695488854695,-0.00028531695488854695,1.6,20,-71,-48
47.128,1.5999999999999535,0.3490658503988557,-0.0002532983776506041,-0.0002532983776506041,1.6,20,-71,-48
47.198,1.5999999999999535,0.3490658503988557,-0.00020536413177860626,-0.00020536413177860626,1.6,20,-71,-49
47.254,1.5999999999999535,0.3490658503988557,-0.00014452610223051457,-0.00014452610223051457,1.6,20,-71,-49
47.309999999999995,1.5999999999999535,0.3490658503988557,-7.460696614945686e-05,-7.460696614945686e-05,1.6,20,-71,-49
47.345,1.5999999999999535,0.3490658503988557,-8.817456953860942e-19,-8.817456953860942e-19,1.6,20,-71,-49
47.406,1.5999999999999535,0.3490658503988557,7.460696614945515e-05,7.460696614945515e-05,1.6,20,-71,-50
47.471999999999994,1.5999999999999535,0.3490658503988557,0.0001445261022305168,0.0001445261022305168,1.6,20,-71,-50
47.531,1.5999999999999535,0.3490658503988557,0.000205364131778605,0.000205364131778605,1.6,20,-71,-50
47.567,1.5999999999999535,0.3490658503988557,0.0002532983776506054,0.0002532983776506054,1.6,20,-71,-50
47.626,1.5999999999999535,0.3490658503988557,0.0002853169548885464,0.0002853169548885464,1.6,20,-71,-50
47.689,1.5999999999999535,0.3490658503988557,0.0002994080185284815,0.0002994080185284815,1.6,20,-71,-50
47.75,1.5999999999999535,0.3490658503988557,0.0002946861752186065,0.0002946861752186065,1.6,20,-71,-50
47.812999999999995,1.5999999999999535,0.3490658503988557,0.00027144811573980585,0.00027144811573980585,1.6,20,-71,-50
47.873999999999995,1.5999999999999535,0.3490658503988557,0.00023115397283273706,0.00023115397283273706,1.6,20,-71,-51
47.946999999999996,1.5999999999999535,0.3490658503988557,0.00017633557568774266,0.00017633557568774266,1.6,20,-71,-51
47.994,1.5999999999999535,0.3490658503988557,0.00011043736580540463,0.00011043736580540463,1.6,20,-71,-51
48.026999999999994,1.5999999999999535,0.3490658503988557,3.759997006928879e-05,3.759997006928879e-05,1.6,20,-71,-51
48.071999999999996,1.5999999999999535,0.3490658503988557,-3.7599970069289095e-05,-3.7599970069289095e-05,1.6,20,-71,-51
48.141,1.5999999999999535,0.3490658503988557,-0.0001104373658054049,-0.0001104373658054049,1.6,20,-71,-51
48.189,1.5999999999999535,0.3490658503988557,-0.00017633557568773946,-0.00017633557568773946,1.6,20,-71,-52
48.224,1.5999999999999535,0.3490658503988557,-0.00023115397283273725,-0.00023115397283273725,1.6,20,-71,-52
48.259,1.5999999999999535,0.3490658503988557,-0.00027144811573980596,-0.00027144811573980596,1.6,20,-71,-52
48.321,1.5999999999999535,0.3490658503988557,-0.00029468617521860656,-0.00029468617521860656,1.6,20,-71,-52
48.384,1.5999999999999535,0.3490658503988557,-0.00029940801852848146,-0.00029940801852848146,1.6,20,-71,-53
48.443999999999996,1.5999999999999535,0.3490658503988557,-0.00028531695488854636,-0.00028531695488854636,1.6,20,-71,-53
48.504999999999995,1.60000000000014,0.3490658503988964,-0.00025329837765060523,-0.00025329837765060523,1.6,20,-72,-53
48.568,1.60000000000014,0.3490658503988964,-0.0002053641317786048,-0.0002053641317786048,1.6,20,-72,-53
48.629,1.60000000000014,0.3490658503988964,-0.00014452610223051278,-0.00014452610223051278,1.6,20,-72,-53
48.690999999999995,1.6000000000001398,0.3490658503988964,-7.4606966149459e-05,-7.4606966149459e-05,1.6,20,-72,-53
48.754,1.6000000000001398,0.3490658503988964,1.1764037039453648e-18,1.1764037039453648e-18,1.6,20,-72,-53
48.821,1.6000000000001398,0.3490658503988964,7.460696614945716e-05,7.460696614945716e-05,1.6,20,-72,-53
48.878,1.6000000000001398,0.3490658503988964,0.00014452610223051484,0.00014452610223051484,1.6,20,-72,-53
48.94,1.6000000000001395,0.3490658503988964,0.0002053641317786096,0.0002053641317786096,1.6,20,-72,-53
49.001999999999995,1.6000000000001395,0.3490658503988964,0.0002532983776506042,0.0002532983776506042,1.6,20,-72,-53
49.065999999999995,1.6000000000001395,0.3490658503988964,0.00028531695488854576,0.00028531695488854576,1.6,20,-72,-53
49.122,1.6000000000001393,0.3490658503988964,0.00029940801852848135,0.00029940801852848135,1.6,20,-72,-53
49.157999999999994,1.6000000000001393,0.3490658503988964,0.0002946861752186061,0.0002946861752186061,1.6,20,-72,-53
49.223,1.6000000000001393,0.3490658503988964,0.000271448115739805,0.000271448115739805,1.6,20,-72,-53
49.285999999999994,1.600000000000139,0.3490658503988964,0.00023115397283273847,0.00023115397283273847,1.6,20,-72,-53
49.36,1.600000000000139,0.3490658503988964,0.00017633557568774445,0.00017633557568774445,1.6,20,-72,-53
49.425999999999995,1.600000000000139,0.3490658503988964,0.00011043736580540272,0.00011043736580540272,1.6,20,-72,-53
49.48,1.600000000000139,0.3490658503988964,3.7599970069290985e-05,3.7599970069290985e-05,1.6,20,-72,-53
49.513999999999996,1.6000000000001389,0.3490658503988964,-3.759997006929536e-05,-3.759997006929536e-05,1.6,20,-72,-53
49.577999999999996,1.6000000000001389,0.3490658503988964,-0.00011043736580540286,-0.00011043736580540286,1.6,20,-72,-53
49.64,1.6000000000001389,0.3490658503988964,-0.00017633557568774111,-0.00017633557568774111,1.6,20,-72,-53
49.699999999999996,1.6000000000001389,0.3490658503988964,-0.0002311539728327358,-0.0002311539728327358,1.6,20,-72,-53
49.735,1.6000000000001386,0.3490658503988964,-0.0002714481157398068,-0.0002714481157398068,1.6,20,-72,-53
49.796,1.6000000000001386,0.3490658503988964,-0.00029468617521860693,-0.00029468617521860693,1.6,20,-72,-54
49.858999999999995,1.6000000000001386,0.3490658503988964,-0.0002994080185284816,-0.0002994080185284816,1.6,20,-72,-53
49.919,1.6000000000001386,0.3490658503988964,-0.0002853169548885457,-0.0002853169548885457,1.6,20,-72,-53
